HOUSEID,PERSONID,R_AGE,EDUC,R_HISP,R_RELAT,R_SEX,R_RACE,PRMACT,PAYPROF,GT1JBLWK,WRK_HOME,WKFTPT,WRKTRANS,LSTTRDAY17,OCCAT,SCHTYP,NWALKTRP,WALK4EX,NBIKETRP,BIKE4EX,BIKESHARE,PTUSED,MCUSED,CARSHARE,RIDESHARE,CARRODE,TIMETOWK,NOCONG,PUBTIME,WRKTIME,WKRMHM,FLEXTIME,WKFMHMXX,SCHTRN1,SCHTRN2,DELIVER,MEDCOND,MEDCOND6,HEALTH,PHYACT,VPACT,LPACT,BORNINUS,YRTOUS,YEARMILE,PROXY,WHOPROXY,USEPUBTR,SAMEPLC,W_NONE,W_CANE,W_WLKR,W_WHCANE,W_DOG,W_CRUTCH,W_SCOOTR,W_CHAIR,W_MTRCHR,WORKER,DIARY,OUTCNTRY,FRSTHM17,CNTTDTR,GCDWORK,WKSTFIPS,DRIVER,OUTOFTWN,DISTTOWK17,DISTTOSC17,R_AGE_IMP,R_SEX_IMP,ALT_16,ALT_23,ALT_45,WALK_DEF,WALK_GKQ,BIKE_DFR,BIKE_GKP,CONDTRAV,CONDRIDE,CONDNIGH,CONDRIVE,CONDPUB,CONDSPEC,CONDTAX,TRAVDAY,HOMEOWN,HHSIZE,HHVEHCNT,HHFAMINC,DRVRCNT,HHSTATE,HHSTFIPS,NUMADLT,WRKCOUNT,TDAYDATE,HHRESP,LIF_CYC,MSACAT,MSASIZE,RAIL,URBAN,URBANSIZE,URBRUR,CENSUS_D,CENSUS_R,CDIVMSAR,HH_RACE,HH_HISP,HH_CBSA,SMPLSRCE,WTPERFIN,HBHUR,HTHTNRNT,HTPPOPDN,HTRESDN,HTEEMPDN,HBHTNRNT,HBPPOPDN,HBRESDN
30000007,1,67,3,2,1,2,2,6,2,-1,-1,-1,-1,-1,-1,-1,3,3,0,-1,-1,0,-1,0,0,-1,-1,-1,-1,-1,-1,-1,-1,-1,-1,2,2,-1,2,2,-1,0,1,-1,1000,1,1,2,-1,-1,-1,-1,-1,-1,-1,-1,-1,-1,2,2,2,1,2,-9.0,-9,1,2,-9.0,-9.0,67,2,3,1,4,3,-1,-1,-1,-1,-1,-1,-1,-1,-1,-1,2,1,3,5,7,3,NC,37,3,1,201608,1,10,3,1,2,1,1,1,5,3,53,2,2,XXXXX,2,206.690152866912,T,50,1500,750,750,20,750,300
30000007,2,66,3,2,2,1,2,1,-1,2,2,1,6,-1,2,-1,7,0,0,-1,-1,0,-1,0,0,1,120,90,-1,08:30 PM,2,2,-1,-1,-1,5,2,-1,2,2,-1,7,1,-1,10000,2,1,2,-1,-1,-1,-1,-1,-1,-1,-1,-1,-1,1,2,2,2,2,58.5799999999999,37,1,2,82.6099999999969,-9.0,66,1,-1,-1,-1,-1,-1,-1,-1,-1,-1,-1,-1,-1,-1,-1,2,1,3,5,7,3,NC,37,3,1,201608,1,10,3,1,2,1,1,1,5,3,53,2,2,XXXXX,2,197.075741935491,T,50,1500,750,750,20,750,300
30000007,3,28,2,2,3,2,2,5,2,-1,-1,-1,-1,-1,-1,-1,7,0,0,-1,-1,0,-1,0,0,-1,-1,-1,-1,-1,-1,-1,-1,-1,-1,0,2,-1,2,2,-1,2,1,-1,1000,2,1,2,-1,-1,-1,-1,-1,-1,-1,-1,-1,-1,2,2,2,1,2,-9.0,-9,1,2,-9.0,-9.0,28,2,-1,-1,-1,-1,-1,-1,-1,-1,-1,-1,-1,-1,-1,-1,2,1,3,5,7,3,NC,37,3,1,201608,1,10,3,1,2,1,1,1,5,3,53,2,2,XXXXX,2,219.51421024347,T,50,1500,750,750,20,750,300
30000008,1,55,5,2,1,1,1,1,-1,2,2,1,6,-1,4,-1,5,0,0,-1,-1,0,-1,0,0,1,10,10,-1,06:15 AM,2,2,-1,-1,-1,0,2,-1,2,3,7,-1,1,-1,12000,1,1,2,-1,-1,-1,-1,-1,-1,-1,-1,-1,-1,1,2,2,1,2,5.52999999999997,55,1,2,8.10999999999967,-9.0,55,1,4,4,4,1,-1,-1,-1,-1,-1,-1,-1,-1,-1,-1,5,1,2,4,8,2,WI,55,2,2,201608,2,2,2,5,2,4,6,2,3,2,32,1,2,33460,2,63.1859107619801,R,5,300,300,150,5,300,300
30000008,2,49,4,2,2,2,1,1,-1,2,2,1,3,1,2,-1,0,-1,0,-1,-1,0,-1,0,0,1,5,4,-1,09:00 AM,2,2,-1,-1,-1,0,2,-1,2,2,-1,7,1,-1,10000,1,2,2,10,-1,-1,-1,-1,-1,-1,-1,-1,-1,1,1,2,1,0,2.21999999999991,55,1,2,3.06999999999994,-9.0,49,2,4,1,4,-1,-1,-1,-1,-1,-1,-1,-1,-1,-1,-1,5,1,2,4,8,2,WI,55,2,2,201608,2,2,2,5,2,4,6,2,3,2,32,1,2,33460,2,58.6659109109796,R,5,300,300,150,5,300,300
30000012,1,45,5,2,1,2,1,1,-1,2,2,1,3,-1,4,-1,6,6,0,-1,-1,0,-1,0,0,1,30,12,-1,07:30 AM,2,2,-1,-1,-1,5,2,-1,2,3,7,-1,1,-1,17000,1,1,2,-1,-1,-1,-1,-1,-1,-1,-1,-1,-1,1,1,2,1,9,4.59999999999991,36,1,2,6.81999999999994,-9.0,45,2,3,1,3,-1,-1,-1,-1,-1,-1,-1,-1,-1,-1,-1,5,1,1,2,10,1,NY,36,1,1,201607,1,1,3,3,2,1,3,1,2,1,23,1,2,XXXXX,2,58.9662753786649,C,80,17000,17000,5000,60,17000,7000
30000019,1,68,1,2,1,1,1,97,2,-1,-1,-1,-1,-1,-1,-1,7,7,0,-1,-1,0,-1,0,0,-1,-1,-1,-1,-1,-1,-1,-1,-1,-1,2,2,-1,3,2,-1,3,1,-1,15000,1,1,2,-1,-1,-1,-1,-1,-1,-1,-1,-1,-1,2,2,2,1,2,-9.0,-9,1,2,-9.0,-9.0,68,1,3,1,4,-1,-1,-1,-1,-1,-1,-1,-1,-1,-1,-1,5,1,2,2,3,2,MD,24,2,0,201605,1,2,3,2,2,1,1,1,5,3,53,1,2,XXXXX,2,233.138564557913,S,40,300,300,150,50,750,300
30000019,2,66,2,2,2,2,1,4,2,-1,-1,-1,-1,-1,-1,-1,7,7,0,-1,-1,0,-1,0,0,-1,-1,-1,-1,-1,-1,-1,-1,-1,-1,1,2,-1,3,2,-1,3,1,-1,5000,2,1,2,-1,-1,-1,-1,-1,-1,-1,-1,-1,-1,2,2,2,1,2,-9.0,-9,1,2,-9.0,-9.0,66,2,-1,-1,-1,-1,-1,-1,-1,-1,-1,-1,-1,-1,-1,-1,5,1,2,2,3,2,MD,24,2,0,201605,1,2,3,2,2,1,1,1,5,3,53,1,2,XXXXX,2,249.148184653263,S,40,300,300,150,50,750,300
30000029,1,72,3,2,1,1,1,6,2,-1,-1,-1,-1,-1,-1,-1,0,-1,0,-1,-1,0,-1,0,0,-1,-1,-1,-1,-1,-1,-1,-1,-1,-1,1,2,-1,2,2,-1,1,1,-1,15000,1,1,2,-1,-1,-1,-1,-1,-1,-1,-1,-1,-1,2,1,2,1,3,-9.0,-9,1,2,-9.0,-9.0,72,1,4,1,4,-1,-1,-1,-1,-1,-1,-1,-1,-1,-1,-1,3,1,2,2,5,2,WI,55,2,0,201610,1,10,3,3,2,1,2,1,3,2,33,1,2,XXXXX,2,91.4076433463828,S,40,1500,750,750,40,1500,750
30000029,2,72,2,2,2,2,1,6,2,-1,-1,-1,-1,-1,-1,-1,0,-1,0,-1,-1,0,-1,0,0,-1,-1,-1,-1,-1,-1,-1,-1,-1,-1,1,2,-1,1,2,-1,2,1,-1,4000,1,2,2,-1,-1,-1,-1,-1,-1,-1,-1,-1,-1,2,1,2,1,7,-9.0,-9,1,2,-9.0,-9.0,72,2,4,1,4,-1,-1,-1,-1,-1,-1,-1,-1,-1,-1,-1,3,1,2,2,5,2,WI,55,2,0,201610,1,10,3,3,2,1,2,1,3,2,33,1,2,XXXXX,2,96.2492890698046,S,40,1500,750,750,40,1500,750
30000039,1,82,5,2,1,1,1,1,-1,2,2,1,4,-1,4,-1,5,4,0,-1,-1,0,-1,0,0,1,18,15,-1,08:30 AM,2,1,-1,-1,-1,0,2,-1,2,2,-1,0,1,-1,12000,1,1,2,-1,-1,-1,-1,-1,-1,-1,-1,-1,-1,1,2,2,1,7,7.53999999999996,42,1,2,11.6199999999999,-9.0,82,1,1,4,4,-1,-1,-1,-1,2,2,2,2,2,2,2,5,1,2,2,10,2,PA,42,2,1,201609,1,2,3,3,2,1,3,1,2,1,23,1,2,XXXXX,1,2563.66000304902,S,40,7000,1500,1500,5,3000,1500
30000039,2,78,3,2,2,2,1,4,2,-1,-1,-1,-1,-1,-1,-1,5,5,0,-1,-1,0,-1,0,0,-1,-1,-1,-1,-1,-1,-1,-1,-1,-1,0,2,-1,2,2,-1,5,1,-1,5000,2,1,2,-1,-1,-1,-1,-1,-1,-1,-1,-1,-1,2,2,2,1,4,-9.0,-9,1,2,-9.0,-9.0,78,2,-1,-1,-1,-1,-1,-1,-1,-1,-1,-1,-1,-1,-1,-1,5,1,2,2,10,2,PA,42,2,1,201609,1,2,3,3,2,1,3,1,2,1,23,1,2,XXXXX,1,2879.24298249766,S,40,7000,1500,1500,5,3000,1500
30000041,1,44,5,2,1,1,1,1,-1,1,2,1,3,-1,4,-1,15,8,0,-1,-1,0,-1,0,4,1,60,20,-1,08:00 AM,2,1,-1,-1,-1,8,2,-1,1,3,5,-1,1,-1,12000,1,1,2,-1,-1,-1,-1,-1,-1,-1,-1,-1,-1,1,1,2,1,2,53.1699999999983,6,1,2,75.0299999999988,-9.0,44,1,3,4,3,-1,-1,-1,-1,-1,-1,-1,-1,-1,-1,-1,4,1,2,2,11,2,CA,6,2,2,201606,1,2,3,3,1,1,2,1,9,4,93,1,2,XXXXX,2,892.495772690771,T,40,300,50,25,40,300,300
30000041,2,40,1,2,2,2,1,1,-1,1,2,1,3,-1,4,-1,10,5,0,-1,-1,0,-1,0,7,1,120,90,-1,10:00 AM,2,2,-1,-1,-1,11,2,-1,1,3,5,-1,1,-1,10000,1,2,2,-1,-1,-1,-1,-1,-1,-1,-1,-1,-1,1,1,2,1,4,60.2299999999996,6,1,2,78.9699999999975,-9.0,40,2,3,4,3,-1,6,-1,-1,-1,-1,-1,-1,-1,-1,-1,4,1,2,2,11,2,CA,6,2,2,201606,1,2,3,3,1,1,2,1,9,4,93,1,2,XXXXX,2,752.790601346399,T,40,300,50,25,40,300,300
30000062,1,50,4,2,1,2,1,1,-1,2,2,1,3,-1,4,-1,7,4,1,1,0,0,-1,0,0,1,75,65,-1,08:20 AM,2,1,-1,-1,-1,7,2,-1,1,2,-1,7,1,-1,40000,1,1,2,-1,-1,-1,-1,-1,-1,-1,-1,-1,-1,1,2,2,1,4,50.9699999999993,48,1,2,60.5999999999985,-9.0,50,2,4,3,4,3,3,-1,6,-1,-1,-1,-1,-1,-1,-1,5,1,2,6,10,2,TX,48,2,1,201609,1,10,4,6,2,4,6,2,7,3,74,1,2,XXXXX,2,251.502628410924,R,20,50,50,25,5,50,50
30000062,2,50,4,2,2,1,6,6,2,-1,-1,-1,-1,-1,-1,-1,25,4,1,1,0,0,-1,0,0,-1,-1,-1,-1,-1,-1,-1,-1,-1,-1,3,2,-1,1,3,7,-1,1,-1,50000,1,2,2,-1,-1,-1,-1,-1,-1,-1,-1,-1,-1,2,2,2,1,2,-9.0,-9,1,2,-9.0,-9.0,50,1,4,2,4,3,6,2,6,-1,-1,-1,-1,-1,-1,-1,5,1,2,6,10,2,TX,48,2,1,201609,1,10,4,6,2,4,6,2,7,3,74,1,2,XXXXX,2,277.794426660864,R,20,50,50,25,5,50,50
30000082,1,39,5,2,1,2,1,1,-1,2,2,1,3,-1,2,-1,3,2,0,-1,-1,0,-1,0,0,1,4,3,-1,08:30 AM,1,1,2,-1,-1,3,2,-1,2,2,-1,2,1,-1,8000,1,1,2,-1,-1,-1,-1,-1,-1,-1,-1,-1,-1,1,1,2,1,5,1.03999999999996,36,1,2,1.64999999999998,-9.0,39,2,1,1,2,-1,-1,-1,-1,-1,-1,-1,-1,-1,-1,-1,3,2,4,2,8,2,NY,36,2,2,201605,1,4,3,3,2,1,3,1,2,1,23,1,2,XXXXX,2,1028.81476847921,T,20,1500,300,750,30,750,300
30000082,2,38,4,2,2,1,1,1,-1,2,2,1,3,-1,4,-1,0,-1,0,-1,-1,0,-1,0,0,1,42,36,-1,08:45 AM,1,2,2,-1,-1,5,2,-1,2,2,-1,2,1,-1,15000,1,2,2,-1,-1,-1,-1,-1,-1,-1,-1,-1,-1,1,1,2,1,7,24.3499999999995,36,1,2,30.04,-9.0,38,1,3,1,3,-1,-1,-1,-1,-1,-1,-1,-1,-1,-1,-1,3,2,4,2,8,2,NY,36,2,2,201605,1,4,3,3,2,1,3,1,2,1,23,1,2,XXXXX,2,1296.33934490804,T,20,1500,300,750,30,750,300
30000085,1,30,4,1,1,1,97,1,-1,2,2,1,1,-1,4,-1,10,3,0,-1,-1,0,-1,0,10,-9,5,-1,-1,07:45 AM,2,1,-1,-1,-1,6,2,-1,3,2,-1,3,1,-1,1500,1,1,2,-1,-1,-1,-1,-1,-1,-1,-1,-1,-1,1,1,2,1,6,0.169999999999995,6,1,2,0.229999999999997,-9.0,30,1,3,3,2,-1,-1,-1,-1,-1,-1,-1,-1,-1,-1,-1,1,1,1,2,9,1,CA,6,1,1,201608,1,1,2,5,2,1,4,1,9,4,92,97,1,41740,2,277.748858319059,U,50,17000,17000,5000,50,30000,17000
30000089,1,33,3,1,1,1,1,1,-1,2,2,1,3,-1,3,-1,2,2,0,-1,-1,0,-1,0,0,1,20,18,-1,04:00 PM,2,2,-1,-1,-1,3,2,-1,3,2,-1,5,1,-1,10000,1,1,2,-1,-1,-1,-1,-1,-1,-1,-1,-1,-1,1,2,2,1,2,9.7199999999998,48,1,2,12.2599999999998,-9.0,33,1,1,1,4,-1,3,-1,-1,-1,-1,-1,-1,-1,-1,-1,6,1,4,2,7,2,TX,48,2,2,201612,1,4,3,3,2,4,6,2,7,3,73,1,1,XXXXX,2,1170.28437735281,T,20,1500,750,750,30,1500,300
30000089,2,33,3,1,2,2,1,1,-1,2,2,1,3,-1,4,-1,2,2,0,-1,-1,0,-1,0,0,1,35,30,-1,07:30 AM,1,2,0,-1,-1,0,2,-1,1,2,-1,4,1,-1,15000,2,1,2,-1,-1,-1,-1,-1,-1,-1,-1,-1,-1,1,2,2,1,2,23.8399999999992,48,1,2,31.5699999999997,-9.0,33,2,-1,-1,-1,-1,-1,-1,-1,-1,-1,-1,-1,-1,-1,-1,6,1,4,2,7,2,TX,48,2,2,201612,1,4,3,3,2,4,6,2,7,3,73,1,1,XXXXX,2,926.34219782233,T,20,1500,750,750,30,1500,300
30000094,1,30,5,1,1,2,1,1,-1,2,2,1,3,-1,4,-1,10,0,0,-1,-1,0,-1,0,1,1,15,15,-1,08:00 AM,2,1,-1,-1,-1,4,2,-1,2,2,-1,0,2,2004,-88,1,1,2,-1,-1,-1,-1,-1,-1,-1,-1,-1,-1,1,1,2,1,4,6.56999999999994,6,1,2,8.09999999999991,-9.0,30,2,3,3,1,3,7,-1,-1,-1,-1,-1,-1,-1,-1,-1,3,2,1,1,4,1,CA,6,1,1,201610,1,1,3,1,2,1,1,1,9,4,93,1,1,XXXXX,2,184.981623569873,T,20,300,300,150,20,300,300
30000095,1,75,5,2,1,1,1,6,2,-1,-1,-1,-1,-1,-1,-1,5,5,0,-1,-1,0,-1,0,0,-1,-1,-1,-1,-1,-1,-1,-1,-1,-1,0,2,-1,3,2,-1,3,1,-1,13000,1,1,2,-1,-1,-1,-1,-1,-1,-1,-1,-1,-1,2,1,2,1,9,-9.0,-9,1,2,-9.0,-9.0,75,1,2,4,3,-1,-1,-1,-1,-1,-1,-1,-1,-1,-1,-1,6,1,1,1,6,1,WI,55,1,0,201607,1,9,3,3,2,1,2,1,3,2,33,1,2,XXXXX,2,36.4716965226613,S,5,7000,3000,3000,5,7000,3000
30000107,1,61,3,2,1,1,1,3,2,-1,-1,-1,-1,-1,-1,-1,0,-1,0,-1,-1,0,-1,0,0,-1,-1,-1,-1,-1,-1,-1,-1,-1,-1,5,2,-1,1,3,21,-1,1,-1,40000,1,1,2,-1,-1,-1,-1,-1,-1,-1,-1,-1,-1,2,2,2,1,5,-9.0,-9,1,2,-9.0,-9.0,61,1,2,4,2,-1,-1,-1,-1,-1,-1,-1,-1,-1,-1,-1,6,1,2,3,8,2,TX,48,2,0,201612,1,2,2,5,2,1,4,1,7,3,72,1,2,19100,2,57.6897580469415,C,5,7000,1500,3000,20,7000,1500
30000107,2,59,3,2,2,2,6,4,2,-1,-1,-1,-1,-1,-1,-1,7,7,0,-1,-1,0,-1,0,0,-1,-1,-1,-1,-1,-1,-1,-1,-1,-1,15,2,-1,1,2,-1,5,1,-1,12000,2,1,2,-1,-1,-1,-1,-1,-1,-1,-1,-1,-1,2,2,2,1,6,-9.0,-9,1,2,-9.0,-9.0,59,2,-1,-1,-1,-1,-1,-1,-1,-1,-1,-1,-1,-1,-1,-1,6,1,2,3,8,2,TX,48,2,0,201612,1,2,2,5,2,1,4,1,7,3,72,1,2,19100,2,54.1960401369189,C,5,7000,1500,3000,20,7000,1500
30000128,1,22,4,2,1,2,1,5,2,-1,-1,-1,-1,-1,-1,-1,3,3,0,-1,-1,0,-1,0,0,-1,-1,-1,-1,-1,-1,-1,-1,-1,-1,1,2,-1,2,2,-1,3,1,-1,-88,1,1,2,-1,-1,-1,-1,-1,-1,-1,-1,-1,-1,2,2,2,1,1,-9.0,-9,1,2,-9.0,-9.0,22,2,3,1,2,3,3,-1,-1,-1,-1,-1,-1,-1,-1,-1,1,2,2,2,1,2,ME,23,2,0,201605,1,2,3,1,2,1,1,1,1,1,13,1,2,XXXXX,1,15223.4632896368,C,30,300,300,150,60,3000,1500
30000128,2,22,4,2,7,1,1,5,2,-1,-1,-1,-1,-1,-1,-1,3,3,0,-1,-1,0,-1,0,0,-1,-1,-1,-1,-1,-1,-1,-1,-1,-1,1,2,-1,2,2,-1,3,1,-1,-88,2,1,2,-1,-1,-1,-1,-1,-1,-1,-1,-1,-1,2,2,2,1,1,-9.0,-9,1,2,-9.0,-9.0,22,1,-1,-1,-1,-1,-1,-1,-1,-1,-1,-1,-1,-1,-1,-1,1,2,2,2,1,2,ME,23,2,0,201605,1,2,3,1,2,1,1,1,1,1,13,1,2,XXXXX,1,16788.860469085,C,30,300,300,150,60,3000,1500
30000130,1,45,5,2,1,2,1,1,-1,2,2,1,11,-1,2,-1,5,5,0,-1,-1,20,-1,0,0,-9,60,-1,10,09:00 AM,2,2,-1,-1,-1,0,2,-1,3,2,-1,5,2,1995,-88,1,1,1,-1,-1,-1,-1,-1,-1,-1,-1,-1,-1,1,1,2,1,4,9.64999999999964,36,1,2,14.5999999999999,-9.0,45,2,3,4,2,-1,-1,-1,-1,-1,-1,-1,-1,-1,-1,-1,1,1,2,1,5,2,NY,36,2,2,201605,1,2,1,5,1,1,5,1,2,1,21,1,2,35620,1,3705.49390444234,U,60,30000,17000,5000,70,30000,17000
30000130,2,45,4,2,2,1,1,1,-1,2,2,1,11,2,2,-1,6,6,0,-1,-1,5,-1,0,0,-9,60,-1,15,09:00 AM,2,2,-1,-1,-1,0,2,-1,2,3,6,-1,2,1995,6000,2,1,2,2,-1,-1,-1,-1,-1,-1,-1,-1,-1,1,2,2,1,0,11.9499999999998,36,1,2,20.2199999999993,-9.0,45,1,-1,-1,-1,-1,-1,-1,-1,-1,-1,-1,-1,-1,-1,-1,1,1,2,1,5,2,NY,36,2,2,201605,1,2,1,5,1,1,5,1,2,1,21,1,2,35620,1,4361.9002286612,U,60,30000,17000,5000,70,30000,17000
30000137,1,54,3,2,1,2,3,3,1,2,1,2,-9,-1,4,-1,5,5,0,-1,-1,0,-1,0,0,-1,-1,-1,-1,09:00 AM,-1,1,-1,-1,-1,1,2,-1,3,2,-1,5,2,1989,6500,1,1,2,-1,-1,-1,-1,-1,-1,-1,-1,-1,-1,1,1,2,1,3,-9.0,-9,1,2,-9.0,-9.0,54,2,3,3,4,-1,-1,-1,-1,-1,-1,-1,-1,-1,-1,-1,3,1,3,3,6,3,WI,55,3,3,201608,1,2,3,3,2,1,2,1,3,2,33,3,2,XXXXX,2,100.096776216071,T,30,1500,300,750,30,1500,300
30000137,2,57,4,2,2,1,3,1,-1,1,2,1,3,-1,3,-1,5,5,0,-1,-1,0,-1,0,0,1,15,15,-1,09:30 AM,2,1,-1,-1,-1,0,2,-1,3,2,-1,5,2,1979,10000,1,2,2,-1,-1,-1,-1,-1,-1,-1,-1,-1,-1,1,1,2,1,4,4.66999999999985,55,1,2,6.2199999999998,-9.0,57,1,3,3,4,-1,-1,-1,-1,-1,-1,-1,-1,-1,-1,-1,3,1,3,3,6,3,WI,55,3,3,201608,1,2,3,3,2,1,2,1,3,2,33,3,2,XXXXX,2,107.808876932768,T,30,1500,300,750,30,1500,300
30000137,3,25,3,2,3,1,3,5,1,1,2,1,3,-1,3,-1,2,2,0,-1,-1,0,-1,0,0,1,15,15,-1,02:30 PM,2,1,-1,-1,-1,3,2,-1,3,2,-1,2,1,-1,20000,1,3,2,-1,-1,-1,-1,-1,-1,-1,-1,-1,-1,1,1,2,1,2,4.66999999999985,55,1,2,6.64999999999986,-9.0,25,1,1,3,1,7,7,-1,-1,-1,-1,-1,-1,-1,-1,-1,3,1,3,3,6,3,WI,55,3,3,201608,1,2,3,3,2,1,2,1,3,2,33,3,2,XXXXX,2,128.706638639461,T,30,1500,300,750,30,1500,300
30000144,1,29,3,2,1,2,2,2,2,-9,-9,-1,-9,-1,-9,-1,7,0,0,-1,-1,22,-1,0,12,-9,-1,-1,-1,-9,-1,-9,-1,-1,-1,0,2,-1,3,2,-1,5,1,-1,-1,1,1,1,-1,-1,-1,-1,-1,-1,-1,-1,-1,-1,1,1,2,1,6,-9.0,-9,2,2,-9.0,-9.0,29,2,4,4,4,-1,-1,-1,-1,-1,-1,-1,-1,-1,-1,-1,3,2,3,0,5,0,TX,48,1,1,201609,1,3,2,5,2,1,4,1,7,3,72,2,2,26420,2,896.388932661913,U,30,3000,750,1500,70,7000,3000
30000144,2,6,-1,2,3,1,2,-1,-1,-1,-1,-1,-1,-1,-1,1,5,0,0,-1,-1,22,-1,-1,-1,-1,-1,-1,-1,-1,-1,-1,-1,11,11,-1,2,-1,1,2,-1,5,1,-1,-1,2,1,1,-1,-1,-1,-1,-1,-1,-1,-1,-1,-1,-1,1,2,1,4,-9.0,-9,-1,2,-9.0,3.89999999999998,6,1,-1,-1,-1,-1,-1,-1,-1,-1,-1,-1,-1,-1,-1,-1,3,2,3,0,5,0,TX,48,1,1,201609,1,3,2,5,2,1,4,1,7,3,72,2,2,26420,2,979.698302860325,U,30,3000,750,1500,70,7000,3000
30000144,3,5,-1,2,3,1,2,-1,-1,-1,-1,-1,-1,-1,-1,1,5,0,0,-1,-1,22,-1,-1,-1,-1,-1,-1,-1,-1,-1,-1,-1,11,11,-1,2,-1,1,2,-1,5,1,-1,-1,2,1,1,-1,-1,-1,-1,-1,-1,-1,-1,-1,-1,-1,1,2,1,4,-9.0,-9,-1,2,-9.0,3.89999999999998,5,1,-1,-1,-1,-1,-1,-1,-1,-1,-1,-1,-1,-1,-1,-1,3,2,3,0,5,0,TX,48,1,1,201609,1,3,2,5,2,1,4,1,7,3,72,2,2,26420,2,979.698302860325,U,30,3000,750,1500,70,7000,3000
30000145,1,59,2,2,1,1,6,1,-1,2,2,1,6,-1,4,-1,7,7,1,1,1,0,-1,0,0,1,8,8,-1,06:40 AM,2,2,-1,-1,-1,5,2,-1,3,2,-1,5,1,-1,-77,1,1,2,-1,-1,-1,-1,-1,-1,-1,-1,-1,-1,1,1,2,1,3,2.43999999999994,48,1,2,3.17999999999995,-9.0,59,1,4,2,3,-1,-1,-1,-1,-1,-1,-1,-1,-1,-1,-1,5,2,2,2,7,2,TX,48,2,2,201608,1,2,2,5,2,1,2,1,7,3,72,6,2,19100,2,155.320382869581,C,20,7000,1500,3000,5,7000,3000
30000145,2,52,3,1,2,2,4,1,-1,2,2,1,3,-1,2,-1,4,4,0,-1,-1,0,-1,0,0,1,20,15,-1,06:20 AM,2,2,-1,-1,-1,10,2,-1,3,2,-1,4,1,-1,-77,2,1,2,-1,-1,-1,-1,-1,-1,-1,-1,-1,-1,1,2,2,1,2,9.16999999999962,48,1,2,11.0099999999998,-9.0,52,2,-1,-1,-1,-1,-1,-1,-1,-1,-1,-1,-1,-1,-1,-1,5,2,2,2,7,2,TX,48,2,2,201608,1,2,2,5,2,1,2,1,7,3,72,6,2,19100,2,184.631580650342,C,20,7000,1500,3000,5,7000,3000
30000155,1,56,4,2,1,2,1,1,-1,2,2,1,3,1,4,-1,0,-1,0,-1,-1,0,-1,0,0,1,20,12,-1,07:45 AM,1,1,8,-1,-1,10,2,-1,3,1,-1,-1,1,-1,6500,1,1,2,2,-1,-1,-1,-1,-1,-1,-1,-1,-1,1,1,2,1,0,4.00999999999999,6,1,2,5.79999999999995,-9.0,56,2,4,2,4,-1,-1,-1,-1,-1,-1,-1,-1,-1,-1,-1,1,1,1,2,-7,1,CA,6,1,1,201608,1,1,1,5,1,1,5,1,9,4,91,1,2,41860,2,115.579353981901,C,30,3000,1500,1500,30,7000,1500
30000161,1,67,5,2,1,1,1,6,2,-1,-1,-1,-1,-1,-1,-1,10,10,4,1,0,0,-1,0,0,-1,-1,-1,-1,-1,-1,-1,-1,-1,-1,2,2,-1,3,2,-1,5,1,-1,5000,1,1,2,-1,-1,-1,-1,-1,-1,-1,-1,-1,-1,2,1,2,1,8,-9.0,-9,1,2,-9.0,-9.0,67,1,2,1,3,-1,-1,-1,-1,-1,-1,-1,-1,-1,-1,-1,2,1,3,2,7,2,TX,48,3,0,201605,1,10,2,5,2,1,4,1,7,3,72,1,2,26420,2,420.800847704187,S,20,7000,3000,3000,5,7000,3000
30000161,2,72,5,2,2,2,1,6,2,-1,-1,-1,-1,-1,-1,-1,10,10,0,-1,-1,0,-1,0,0,-1,-1,-1,-1,-1,-1,-1,-1,-1,-1,0,2,-1,3,2,-1,7,2,1979,3500,1,2,2,-1,-1,-1,-1,-1,-1,-1,-1,-1,-1,2,1,2,1,2,-9.0,-9,1,2,-9.0,-9.0,72,2,2,4,4,-1,-1,-1,-1,-1,-1,-1,-1,-1,-1,-1,2,1,3,2,7,2,TX,48,3,0,201605,1,10,2,5,2,1,4,1,7,3,72,1,2,26420,2,435.243640268232,S,20,7000,3000,3000,5,7000,3000
30000161,3,50,2,2,3,1,1,97,2,-1,-1,-1,-1,-1,-1,-1,6,6,4,4,0,0,-1,0,0,-1,-1,-1,-1,-1,-1,-1,-1,-1,-1,0,1,3,2,2,-1,4,2,1979,-1,1,3,2,-1,0,-1,-1,-1,-1,-1,-1,-1,-1,2,1,2,1,2,-9.0,-9,2,2,-9.0,-9.0,50,1,4,4,4,-1,-1,-1,-1,2,2,2,1,2,2,2,2,1,3,2,7,2,TX,48,3,0,201605,1,10,2,5,2,1,4,1,7,3,72,1,2,26420,2,469.081089218873,S,20,7000,3000,3000,5,7000,3000
30000167,1,86,5,2,1,2,1,6,2,-1,-1,-1,-1,-1,-1,-1,3,3,0,-1,-1,0,-1,0,0,-1,-1,-1,-1,-1,-1,-1,-1,-1,-1,0,2,-1,3,2,-1,2,1,-1,-1,1,1,2,-1,-1,-1,-1,-1,-1,-1,-1,-1,-1,2,2,2,1,2,-9.0,-9,2,2,-9.0,-9.0,86,2,4,4,4,-1,-1,-1,-1,1,1,2,1,1,2,2,1,1,1,0,5,0,AZ,4,1,0,201611,1,9,2,5,2,1,4,1,2,1,22,1,2,38060,2,38.4614977136757,S,20,3000,3000,350,30,7000,3000
30000194,1,92,3,2,1,2,1,1,-1,2,1,2,-9,-1,1,-1,3,0,0,-1,-1,0,-1,0,0,-1,-1,-1,-1,10:00 AM,-1,2,-1,-1,-1,1,2,-1,1,1,-1,-1,1,-1,-77,2,2,2,-1,-1,-1,-1,-1,-1,-1,-1,-1,-1,1,2,2,1,2,-9.0,-9,1,2,-9.0,-9.0,15,2,-1,-1,-1,-1,-1,-1,-1,2,2,2,2,1,2,2,3,1,6,3,1,3,WA,53,3,2,201608,2,6,3,3,2,1,2,1,9,4,93,1,2,XXXXX,1,7215.16035531646,C,40,7000,3000,3000,20,7000,3000
30000194,2,42,3,2,4,2,1,4,2,-1,-1,-1,-1,-1,-1,-1,4,0,0,-1,-1,0,-1,0,0,-1,-1,-1,-1,-1,-1,-1,-1,-1,-1,0,2,-1,1,2,-1,7,1,-1,-88,1,2,2,-1,-1,-1,-1,-1,-1,-1,-1,-1,-1,2,2,2,1,4,-9.0,-9,1,2,-9.0,-9.0,42,2,4,1,4,-1,-1,-1,-1,-1,-1,-1,-1,-1,-1,-1,3,1,6,3,1,3,WA,53,3,2,201608,2,6,3,3,2,1,2,1,9,4,93,1,2,XXXXX,1,6282.84869030624,C,40,7000,3000,3000,20,7000,3000
30000194,3,40,3,2,4,1,1,1,-1,2,1,1,-9,-1,1,-1,7,0,3,0,0,0,-1,0,0,-1,-1,-1,-1,01:00 AM,-1,2,-1,-1,-1,3,2,-1,2,2,-1,3,1,-1,-77,2,2,2,-1,-1,-1,-1,-1,-1,-1,-1,-1,-1,1,2,2,2,2,-9.0,-9,1,2,-9.0,-9.0,40,1,-1,-1,-1,-1,-1,-9,-9,-1,-1,-1,-1,-1,-1,-1,3,1,6,3,1,3,WA,53,3,2,201608,2,6,3,3,2,1,2,1,9,4,93,1,2,XXXXX,1,6831.93098150052,C,40,7000,3000,3000,20,7000,3000
30000194,4,15,1,2,-9,2,1,-1,-1,-1,-1,-1,-1,-1,-1,2,7,5,3,0,15,0,-1,-1,-1,-1,-1,-1,-1,-1,-1,-1,-1,-1,-1,-1,2,-1,3,2,-1,5,1,-1,-1,2,2,2,-1,-1,-1,-1,-1,-1,-1,-1,-1,-1,-1,1,2,1,3,-9.0,-9,2,2,-9.0,-9.0,92,2,-1,-1,-1,-1,-1,-9,-9,-1,-1,-1,-1,-1,-1,-1,3,1,6,3,1,3,WA,53,3,2,201608,2,6,3,3,2,1,2,1,9,4,93,1,2,XXXXX,1,6935.61869391092,C,40,7000,3000,3000,20,7000,3000
30000194,5,7,-1,2,5,1,1,-1,-1,-1,-1,-1,-1,2,-1,2,7,0,7,0,0,0,-1,-1,-1,-1,-1,-1,-1,-1,-1,-1,-1,-1,-1,-1,2,-1,1,3,5,-1,1,-1,-1,2,2,2,7,-1,-1,-1,-1,-1,-1,-1,-1,-1,-1,2,2,1,0,-9.0,-9,-1,2,-9.0,-9.0,7,1,-1,-1,-1,-1,-1,-9,-9,-1,-1,-1,-1,-1,-1,-1,3,1,6,3,1,3,WA,53,3,2,201608,2,6,3,3,2,1,2,1,9,4,93,1,2,XXXXX,1,7622.0635742678,C,40,7000,3000,3000,20,7000,3000
30000194,6,17,1,2,5,2,1,4,2,-1,-1,-1,-1,-1,-1,2,7,0,3,0,0,0,-1,0,0,-1,-1,-1,-1,-1,-1,-1,-1,-1,-1,3,2,-1,1,2,-1,2,1,-1,-1,2,2,2,-1,-1,-1,-1,-1,-1,-1,-1,-1,-1,2,2,2,1,2,-9.0,-9,2,2,-9.0,-9.0,17,2,-1,-1,-1,-1,-1,-9,-9,-1,-1,-1,-1,-1,-1,-1,3,1,6,3,1,3,WA,53,3,2,201608,2,6,3,3,2,1,2,1,9,4,93,1,2,XXXXX,1,7215.16035531646,C,40,7000,3000,3000,20,7000,3000
30000227,1,69,4,2,1,2,1,6,2,-1,-1,-1,-1,-1,-1,-1,5,5,0,-1,-1,0,-1,0,0,-1,-1,-1,-1,-1,-1,-1,-1,-1,-1,1,2,-1,2,2,-1,5,1,-1,-88,1,1,2,-1,-1,-1,-1,-1,-1,-1,-1,-1,-1,2,1,2,1,2,-9.0,-9,1,2,-9.0,-9.0,69,2,4,1,3,-1,-1,-1,-1,-1,-1,-1,-1,-1,-1,-1,1,1,2,2,6,1,CA,6,2,0,201607,1,10,2,4,2,1,4,1,9,4,92,1,2,40900,2,54.9086473323293,S,5,3000,750,1500,5,750,300
30000227,2,68,4,2,2,1,1,6,2,-1,-1,-1,-1,-1,-1,-1,4,4,0,-1,-1,0,-1,0,0,-1,-1,-1,-1,-1,-1,-1,-1,-1,-1,0,1,2,3,2,-1,4,1,-1,-1,1,2,2,-1,0,-1,-1,-1,-1,-1,-1,-1,-1,2,1,2,1,2,-9.0,-9,2,2,-9.0,-9.0,68,1,4,4,4,-1,-1,-1,-1,2,2,2,1,2,2,2,1,1,2,2,6,1,CA,6,2,0,201607,1,10,2,4,2,1,4,1,9,4,92,1,2,40900,2,51.3275064435831,S,5,3000,750,1500,5,750,300
30000230,1,50,3,2,1,2,1,1,-1,2,2,1,3,2,4,-1,72,0,0,-1,-1,0,-1,0,0,1,28,12,-1,-9,2,2,-1,-1,-1,7,1,3,5,1,-1,-1,1,-1,50000,1,1,2,1,0,-1,-1,-1,-1,-1,-1,-1,-1,1,1,2,1,0,6.77999999999997,47,1,2,10.1099999999997,-9.0,50,2,4,2,4,-1,-1,-1,-1,1,2,1,2,2,2,2,6,2,1,1,1,1,TN,47,1,1,201609,1,1,3,3,2,4,6,2,6,3,63,1,2,XXXXX,1,3946.73975928656,T,30,1500,750,350,20,750,300
30000242,1,87,1,2,1,2,1,6,2,-1,-1,-1,-1,-1,-1,-1,7,0,0,-1,-1,0,-1,0,0,-1,-1,-1,-1,-1,-1,-1,-1,-1,-1,0,2,-1,1,2,-1,0,1,-1,-88,1,1,2,-1,-1,-1,-1,-1,-1,-1,-1,-1,-1,2,2,2,1,4,-9.0,-9,1,2,-9.0,-9.0,87,2,4,1,4,-1,-1,-1,-1,2,2,2,2,2,2,2,2,2,1,1,-7,1,AL,1,1,0,201608,1,9,4,6,2,4,6,2,6,3,64,1,2,XXXXX,1,6175.98473083029,R,30,50,50,25,40,50,50
30000262,1,57,4,1,1,1,1,6,2,-1,-1,-1,-1,-1,-1,-1,3,3,0,-1,-1,0,-1,0,0,-1,-1,-1,-1,-1,-1,-1,-1,-1,-1,1,2,-1,2,2,-1,4,1,-1,6000,1,1,2,-1,-1,-1,-1,-1,-1,-1,-1,-1,-1,2,1,2,1,6,-9.0,-9,1,2,-9.0,-9.0,57,1,4,1,4,-1,-1,-1,-1,-1,-1,-1,-1,-1,-1,-1,6,1,2,2,6,2,TX,48,2,1,201608,1,10,3,3,2,1,3,1,7,3,73,1,1,XXXXX,2,276.11009174073,S,20,7000,1500,1500,5,3000,750
30000262,2,59,2,1,5,2,1,1,-1,2,2,2,6,-1,2,-1,0,-1,0,-1,-1,0,-1,0,0,1,15,10,-1,10:00 AM,1,1,5,-1,-1,0,1,2,3,2,-1,2,1,-1,3000,1,2,2,-1,-1,1,-1,-1,-1,-1,-1,-1,-1,1,1,2,1,4,3.7399999999999,48,1,2,4.45999999999981,-9.0,59,2,4,1,4,-1,-1,-1,-1,1,2,1,2,2,2,2,6,1,2,2,6,2,TX,48,2,1,201608,1,10,3,3,2,1,3,1,7,3,73,1,1,XXXXX,2,249.977707034243,S,20,7000,1500,1500,5,3000,750
30000265,1,31,4,2,1,1,1,1,-1,2,2,1,3,-1,4,-1,6,6,0,-1,-1,0,-1,0,1,1,55,55,-1,08:50 AM,2,2,-1,-1,-1,8,2,-1,1,3,5,-1,1,-1,-88,1,1,2,-1,-1,-1,-1,-1,-1,-1,-1,-1,-1,1,1,2,1,3,22.25,37,1,2,40.25,-9.0,31,1,2,3,4,-1,3,-1,-1,-1,-1,-1,-1,-1,-1,-1,2,2,1,2,5,1,NC,37,1,1,201609,1,1,4,6,2,4,6,2,5,3,54,1,2,XXXXX,2,122.999935240182,R,5,50,50,25,5,50,300
30000266,1,33,3,2,1,2,2,97,2,-1,-1,-1,-1,-1,-1,-1,3,3,0,-1,-1,27,-1,0,0,-1,-1,-1,-1,-1,-1,-1,-1,-1,-1,0,2,-1,4,2,-1,4,1,-1,-1,1,1,1,-1,-1,-1,-1,-1,-1,-1,-1,-1,-1,2,2,2,1,6,-9.0,-9,2,2,-9.0,-9.0,33,2,4,4,4,-1,4,-1,-1,-1,-1,-1,-1,-1,-1,-1,6,2,1,0,1,0,IL,17,1,0,201606,1,1,1,5,1,1,5,1,3,2,31,2,2,16980,1,16570.0030272861,U,70,17000,7000,5000,60,17000,7000
30000271,1,76,3,2,1,2,1,6,2,-1,-1,-1,-1,-1,-1,-1,1,1,0,-1,-1,1,-1,0,0,-1,-1,-1,-1,-1,-1,-1,-1,-1,-1,5,2,-1,3,2,-1,5,1,-1,10000,1,1,2,-1,-1,-1,-1,-1,-1,-1,-1,-1,-1,2,1,2,1,6,-9.0,-9,1,2,-9.0,-9.0,76,2,4,2,4,5,-1,-1,-1,-1,-1,-1,-1,-1,-1,-1,2,1,1,1,4,1,WI,55,1,0,201610,1,9,2,4,2,1,4,1,3,2,32,1,2,33340,2,101.136333363508,S,40,1500,750,1500,20,1500,750
30000288,1,72,3,2,1,2,1,6,2,-1,-1,-1,-1,-1,-1,-1,5,0,0,-1,-1,0,-1,0,0,-1,-1,-1,-1,-1,-1,-1,-1,-1,-1,1,2,-1,3,1,-1,-1,1,-1,-88,1,1,2,-1,-1,-1,-1,-1,-1,-1,-1,-1,-1,2,2,2,1,6,-9.0,-9,1,2,-9.0,-9.0,72,2,1,1,4,-1,-1,-1,-1,-1,-1,-1,-1,-1,-1,-1,3,1,1,2,5,1,TX,48,1,0,201612,1,9,3,2,2,1,2,1,7,3,73,1,2,XXXXX,2,86.6651800931796,T,20,1500,750,750,20,1500,750
30000289,1,51,3,2,1,1,1,1,-1,2,1,1,-9,-1,4,-1,14,4,0,-1,-1,0,-1,0,0,-1,-1,-1,-1,07:30 AM,-1,1,-1,-1,-1,10,2,-1,1,3,7,-1,1,-1,10000,2,3,2,-1,-1,-1,-1,-1,-1,-1,-1,-1,-1,1,2,2,1,5,-9.0,-9,1,2,-9.0,-9.0,51,1,-1,-1,-1,5,3,-1,-1,-1,-1,-1,-1,-1,-1,-1,6,2,3,3,7,2,NC,37,2,1,201608,1,8,3,2,2,1,2,1,5,3,53,1,2,XXXXX,2,239.476169142861,T,20,1500,750,750,5,1500,750
30000289,2,51,3,2,2,2,1,97,2,-1,-1,-1,-1,-1,-1,-1,-8,-1,0,-1,-1,0,-1,0,0,-1,-1,-1,-1,-1,-1,-1,-1,-1,-1,0,1,2,4,2,-1,3,1,-1,20,2,1,2,-1,-1,1,2,-1,-1,-1,-1,-1,-1,2,2,2,1,3,-9.0,-9,1,2,-9.0,-9.0,51,2,-1,-1,-1,-1,-1,-1,-1,1,1,2,2,2,2,2,6,2,3,3,7,2,NC,37,2,1,201608,1,8,3,2,2,1,2,1,5,3,53,1,2,XXXXX,2,197.289454617892,T,20,1500,750,750,5,1500,750
30000289,3,17,2,2,3,2,1,5,2,-1,-1,-1,-1,-1,-1,-1,10,5,10,0,0,0,-1,0,0,-1,-1,-1,-1,-1,-1,-1,-1,-1,-1,2,2,-1,1,2,-1,4,1,-1,-1,2,1,2,-1,-1,-1,-1,-1,-1,-1,-1,-1,-1,2,2,2,1,3,-9.0,-9,2,2,-9.0,-9.0,17,2,-1,-1,-1,-1,-1,-9,-9,-1,-1,-1,-1,-1,-1,-1,6,2,3,3,7,2,NC,37,2,1,201608,1,8,3,2,2,1,2,1,5,3,53,1,2,XXXXX,2,236.083056397151,T,20,1500,750,750,5,1500,750
30000301,1,72,4,2,1,1,1,6,2,-1,-1,-1,-1,-1,-1,-1,30,10,0,-1,-1,0,-1,0,0,-1,-1,-1,-1,-1,-1,-1,-1,-1,-1,5,2,-1,1,3,15,-1,1,-1,10000,1,1,2,-1,-1,-1,-1,-1,-1,-1,-1,-1,-1,2,1,2,1,2,-9.0,-9,1,2,-9.0,-9.0,72,1,3,4,4,-1,4,-1,-1,-1,-1,-1,-1,-1,-1,-1,3,1,2,2,3,2,WI,55,2,0,201605,1,10,2,4,2,1,4,1,3,2,32,1,2,33340,2,54.3366003993498,S,30,1500,750,750,20,1500,750
30000301,2,54,3,2,2,2,1,97,2,-1,-1,-1,-1,-1,-1,-1,1,1,0,-1,-1,0,-1,0,0,-1,-1,-1,-1,-1,-1,-1,-1,-1,-1,3,1,2,3,2,-1,3,1,-1,50,2,1,2,-1,0,-1,-1,-1,-1,-1,-1,-1,-1,2,2,2,1,2,-9.0,-9,1,2,-9.0,-9.0,54,2,-1,-1,-1,-1,-1,-1,-1,1,2,1,2,2,2,2,3,1,2,2,3,2,WI,55,2,0,201605,1,10,2,4,2,1,4,1,3,2,32,1,2,33340,2,55.9182330018661,S,30,1500,750,750,20,1500,750
30000302,1,56,5,2,1,2,1,4,1,2,2,2,3,3,2,-1,7,7,0,-1,-1,0,-1,0,0,1,20,15,-1,06:45 AM,2,2,-1,-1,-1,3,2,-1,3,2,-1,1,1,-1,7000,1,1,2,6,-1,-1,-1,-1,-1,-1,-1,-1,-1,1,1,2,1,0,5.09999999999991,48,1,2,7.77999999999997,-9.0,56,2,2,1,4,-1,-1,-1,-1,-1,-1,-1,-1,-1,-1,-1,4,1,3,3,11,3,TX,48,2,2,201609,1,8,2,5,2,1,4,1,7,3,72,1,2,26420,1,77.5409791022006,S,5,1500,750,750,0,3000,750
30000302,2,56,4,2,2,1,1,1,-1,2,2,1,3,-1,4,-1,2,2,0,-1,-1,0,-1,0,0,1,35,25,-1,07:15 AM,2,2,-1,-1,-1,0,2,-1,1,3,7,-1,1,-1,20000,2,1,2,-1,-1,-1,-1,-1,-1,-1,-1,-1,-1,1,1,2,1,4,14.8199999999997,48,1,2,23.7399999999998,-9.0,56,1,-1,-1,-1,-1,-1,-1,-1,-1,-1,-1,-1,-1,-1,-1,4,1,3,3,11,3,TX,48,2,2,201609,1,8,2,5,2,1,4,1,7,3,72,1,2,26420,1,85.6470247190554,S,5,1500,750,750,0,3000,750
30000302,3,17,1,2,3,2,1,5,2,-1,-1,-1,-1,-1,-1,1,2,2,0,-1,-1,0,-1,0,0,-1,-1,-1,-1,-1,-1,-1,-1,3,3,0,2,-1,1,3,5,-1,1,-1,8000,2,1,2,-1,-1,-1,-1,-1,-1,-1,-1,-1,-1,2,1,2,1,3,-9.0,-9,1,2,-9.0,7.77999999999997,17,2,-1,-1,-1,-1,-1,-1,-1,-1,-1,-1,-1,-1,-1,-1,4,1,3,3,11,3,TX,48,2,2,201609,1,8,2,5,2,1,4,1,7,3,72,1,2,26420,1,100.732448928151,S,5,1500,750,750,0,3000,750
30000308,1,64,3,2,1,2,1,6,2,-1,-1,-1,-1,-1,-1,-1,20,0,0,-1,-1,0,-1,0,0,-1,-1,-1,-1,-1,-1,-1,-1,-1,-1,0,1,2,3,2,-1,5,1,-1,500,1,1,2,-1,0,-1,-1,-1,-1,-1,-1,-1,-1,2,1,2,1,4,-9.0,-9,1,2,-9.0,-9.0,64,2,4,1,2,3,-1,-1,-1,1,2,1,2,2,2,2,4,2,1,1,1,1,WI,55,1,0,201606,1,9,4,6,2,4,6,2,3,2,34,1,2,XXXXX,2,182.026196927051,R,5,50,50,25,20,50,50
30000309,1,68,5,2,1,1,1,6,1,2,1,2,-9,-1,4,-1,2,2,1,1,0,0,-1,0,0,-1,-1,-1,-1,08:00 AM,-1,1,-1,-1,-1,0,2,-1,1,2,-1,3,2,1998,10000,1,1,2,-1,-1,-1,-1,-1,-1,-1,-1,-1,-1,1,1,2,1,2,-9.0,-9,1,2,-9.0,-9.0,68,1,2,2,4,-1,-1,1,-1,-1,-1,-1,-1,-1,-1,-1,1,1,2,2,7,2,TX,48,2,1,201610,1,10,2,4,2,1,4,1,7,3,72,1,2,12420,2,300.659549508973,T,20,1500,750,750,5,3000,750
30000309,2,37,3,2,2,2,3,4,2,-1,-1,-1,-1,-1,-1,-1,2,2,1,1,0,0,-1,0,0,-1,-1,-1,-1,-1,-1,-1,-1,-1,-1,1,2,-1,1,2,-1,3,2,2015,2000,1,2,2,-1,-1,-1,-1,-1,-1,-1,-1,-1,-1,2,1,2,1,2,-9.0,-9,1,2,-9.0,-9.0,37,2,2,2,4,1,-1,1,-1,-1,-1,-1,-1,-1,-1,-1,1,1,2,2,7,2,TX,48,2,1,201610,1,10,2,4,2,1,4,1,7,3,72,1,2,12420,2,352.237469804487,T,20,1500,750,750,5,3000,750
30000312,1,28,5,2,1,2,1,1,-1,2,2,1,5,-1,4,-1,3,3,0,-1,-1,0,-1,0,0,1,20,15,-1,08:30 AM,2,2,-1,-1,-1,30,2,-1,1,2,-1,7,1,-1,20000,1,1,2,-1,-1,-1,-1,-1,-1,-1,-1,-1,-1,1,2,2,1,3,11.0699999999997,21,1,2,14.0599999999999,-9.0,28,2,2,2,4,-1,-1,-1,-1,-1,-1,-1,-1,-1,-1,-1,5,1,4,2,8,2,KY,21,2,2,201611,1,4,2,4,2,1,3,1,6,3,62,1,2,31140,1,7978.37287267495,S,5,3000,1500,1500,20,3000,1500
30000312,2,31,5,2,2,1,1,1,-1,2,2,1,3,-1,4,-1,5,5,0,-1,-1,0,-1,0,0,1,20,10,-1,07:05 AM,2,2,-1,-1,-1,1,2,-1,1,2,-1,7,1,-1,20000,2,1,2,-1,-1,-1,-1,-1,-1,-1,-1,-1,-1,1,1,2,1,3,5.12999999999988,21,1,2,9.51999999999998,-9.0,31,1,-1,-1,-1,-1,-1,-1,-1,-1,-1,-1,-1,-1,-1,-1,5,1,4,2,8,2,KY,21,2,2,201611,1,4,2,4,2,1,3,1,6,3,62,1,2,31140,1,9136.64332133494,S,5,3000,1500,1500,20,3000,1500
30000312,3,7,-1,2,3,1,1,-1,-1,-1,-1,-1,-1,-1,-1,1,7,0,0,-1,-1,20,-1,-1,-1,-1,-1,-1,-1,-1,-1,-1,-1,10,10,-1,2,-1,1,2,-1,7,1,-1,-1,2,1,2,-1,-1,-1,-1,-1,-1,-1,-1,-1,-1,-1,2,2,1,6,-9.0,-9,-1,2,-9.0,15.3599999999997,7,1,-1,-1,-1,-1,-1,-1,-1,-1,-1,-1,-1,-1,-1,-1,5,1,4,2,8,2,KY,21,2,2,201611,1,4,2,4,2,1,3,1,6,3,62,1,2,31140,1,6690.27782321433,S,5,3000,1500,1500,20,3000,1500
30000328,1,63,2,2,1,2,1,1,-1,2,2,1,3,-1,2,-1,0,-1,1,0,0,0,-1,0,0,1,12,12,-1,07:20 AM,2,2,-1,-1,-1,0,2,-1,3,1,-1,-1,1,-1,-88,1,1,2,-1,-1,-1,-1,-1,-1,-1,-1,-1,-1,1,1,2,1,2,3.83999999999992,6,1,2,6.26999999999998,-9.0,63,2,4,1,4,-1,-1,-1,-1,-1,-1,-1,-1,-1,-1,-1,1,1,2,2,11,2,CA,6,2,2,201607,1,2,3,2,2,1,1,1,9,4,93,1,2,XXXXX,2,33.3211599366929,T,5,300,300,150,5,750,300
30000328,2,65,5,2,2,1,1,1,-1,2,2,1,4,1,4,-1,2,0,2,0,0,0,-1,0,0,1,15,15,-1,06:30 AM,2,1,-1,-1,-1,0,2,-1,3,2,-1,3,1,-1,-88,1,2,2,2,-1,-1,-1,-1,-1,-1,-1,-1,-1,1,1,2,1,0,4.6099999999999,6,1,2,7.02999999999997,-9.0,65,1,4,1,4,-1,-1,-1,-1,-1,-1,-1,-1,-1,-1,-1,1,1,2,2,11,2,CA,6,2,2,201607,1,2,3,2,2,1,1,1,9,4,93,1,2,XXXXX,2,32.0266714621714,T,5,300,300,150,5,750,300
30000341,1,61,5,2,1,2,1,1,-1,2,2,2,3,-1,2,-1,0,-1,0,-1,-1,0,-1,0,0,1,10,6,-1,10:00 AM,2,2,-1,-1,-1,6,1,2,3,2,-1,3,1,-1,14000,1,1,2,-1,-1,1,2,-1,-1,-1,-1,-1,-1,1,1,2,1,5,2.38999999999999,48,1,2,3.32999999999993,-9.0,61,2,3,3,4,-1,-1,-1,-1,1,2,1,2,2,2,2,5,1,3,2,6,3,TX,48,3,3,201604,1,2,2,4,2,1,4,1,7,3,72,1,2,12420,2,277.809600392642,U,20,7000,3000,3000,20,7000,3000
30000341,2,28,5,2,3,1,1,1,-1,2,2,1,11,-1,4,-1,13,3,0,-1,-1,21,-1,0,0,-9,35,-1,0,08:15 AM,2,1,-1,-1,-1,10,2,-1,2,2,-1,8,1,-1,400,1,2,1,-1,-1,-1,-1,-1,-1,-1,-1,-1,-1,1,1,2,1,5,1.78999999999996,48,1,2,2.57999999999993,-9.0,28,1,1,3,3,-1,-1,-1,-1,-1,-1,-1,-1,-1,-1,-1,5,1,3,2,6,3,TX,48,3,3,201604,1,2,2,4,2,1,4,1,7,3,72,1,2,12420,2,407.415399981904,U,20,7000,3000,3000,20,7000,3000
30000341,3,24,4,2,3,1,1,1,-1,2,2,1,3,-1,2,-1,8,0,0,-1,-1,2,-1,0,0,1,10,5,-1,07:50 AM,2,2,-1,-1,-1,3,2,-1,2,3,5,-1,1,-1,2600,1,3,2,-1,-1,-1,-1,-1,-1,-1,-1,-1,-1,1,1,2,1,4,1.83999999999997,48,1,2,2.52999999999997,-9.0,24,1,1,3,3,-1,-1,-1,-1,-1,-1,-1,-1,-1,-1,-1,5,1,3,2,6,3,TX,48,3,3,201604,1,2,2,4,2,1,4,1,7,3,72,1,2,12420,2,585.819699344838,U,20,7000,3000,3000,20,7000,3000
30000380,1,52,3,2,1,2,1,4,2,-1,-1,-1,-1,-1,-1,-1,14,0,0,-1,-1,0,-1,0,0,-1,-1,-1,-1,-1,-1,-1,-1,-1,-1,0,1,3,4,2,-1,7,1,-1,3000,1,1,2,-1,-1,-1,2,-1,-1,-1,-1,-1,-1,2,1,2,1,6,-9.0,-9,1,2,-9.0,-9.0,52,2,1,4,4,4,7,-1,-1,2,1,1,2,1,1,2,2,2,3,1,3,2,NY,36,2,1,201610,1,6,3,1,2,1,1,1,2,1,23,1,2,XXXXX,2,328.406635067042,S,50,3000,1500,1500,50,3000,1500
30000380,2,46,3,2,2,1,1,1,-1,2,2,1,4,-1,1,-1,7,7,0,-1,-1,0,-1,0,0,1,10,5,-1,06:00 PM,2,2,-1,-1,-1,0,2,-1,3,3,7,-1,1,-1,10000,2,1,2,-1,-1,-1,-1,-1,-1,-1,-1,-1,-1,1,1,2,2,9,1.00999999999999,36,1,2,1.19,-9.0,46,1,-1,-1,-1,-1,-1,-1,-1,-1,-1,-1,-1,-1,-1,-1,2,2,3,1,3,2,NY,36,2,1,201610,1,6,3,1,2,1,1,1,2,1,23,1,2,XXXXX,2,386.581927681883,S,50,3000,1500,1500,50,3000,1500
30000380,3,14,1,2,3,1,1,-1,-1,-1,-1,-1,-1,-1,-1,1,7,0,2,2,0,30,-1,-1,-1,-1,-1,-1,-1,-1,-1,-1,-1,10,10,-1,2,-1,3,3,5,-1,1,-1,-1,2,1,2,-1,-1,-1,-1,-1,-1,-1,-1,-1,-1,-1,2,2,1,3,-9.0,-9,-1,2,-9.0,2.42999999999995,14,1,-1,-1,-1,-1,-1,-9,-9,-1,-1,-1,-1,-1,-1,-1,2,2,3,1,3,2,NY,36,2,1,201610,1,6,3,1,2,1,1,1,2,1,23,1,2,XXXXX,2,341.089169199106,S,50,3000,1500,1500,50,3000,1500
30000400,1,51,3,1,1,2,2,1,-1,1,2,2,3,-1,1,-1,0,-1,0,-1,-1,0,-1,0,0,2,20,15,-1,02:30 PM,2,2,-1,-1,-1,1,2,-1,3,2,-1,8,1,-1,-88,1,1,2,-1,-1,-1,-1,-1,-1,-1,-1,-1,-1,1,1,2,1,2,10.5799999999999,6,1,2,16.29,-9.0,51,2,3,3,4,-1,-1,-1,-1,-1,-1,-1,-1,-1,-1,-1,3,2,2,1,4,2,CA,6,2,2,201604,1,2,1,5,1,1,5,1,9,4,91,2,1,31080,2,3935.40562657204,U,70,30000,30000,5000,60,30000,30000
30000400,2,23,3,1,3,2,2,1,-1,2,2,2,3,-1,1,-1,1,0,0,-1,-1,0,-1,0,14,2,15,10,-1,09:30 AM,2,2,-1,-1,-1,3,2,-1,3,1,-1,-1,1,-1,-88,1,2,2,-1,-1,-1,-1,-1,-1,-1,-1,-1,-1,1,1,2,1,4,2.80999999999995,6,1,2,7.73999999999978,-9.0,23,2,3,1,4,-1,-1,-1,-1,-1,-1,-1,-1,-1,-1,-1,3,2,2,1,4,2,CA,6,2,2,201604,1,2,1,5,1,1,5,1,9,4,91,2,1,31080,2,3941.36952694271,U,70,30000,30000,5000,60,30000,30000
30000401,1,58,2,2,1,1,1,2,2,-9,-9,-1,-9,-1,-9,-1,0,-1,0,-1,-1,2,-1,0,0,-9,-1,-1,-1,-9,-1,-9,-1,-1,-1,2,2,-1,3,2,-1,1,1,-1,10000,1,1,2,-1,-1,-1,-1,-1,-1,-1,-1,-1,-1,1,1,2,2,5,-9.0,-9,1,1,-9.0,-9.0,58,1,3,1,3,-1,-1,-1,-1,-1,-1,-1,-1,-1,-1,-1,1,2,2,3,5,2,MT,30,2,2,201605,1,2,3,1,2,1,1,1,8,4,83,1,2,XXXXX,1,2066.70586950414,S,50,300,300,150,70,3000,1500
30000401,2,60,4,2,2,2,1,2,2,-9,-9,-1,-9,-1,-9,-1,0,-1,0,-1,-1,0,-1,0,0,-9,-1,-1,-1,-9,-1,-9,-1,-1,-1,2,2,-1,3,2,-1,2,1,-1,10000,1,2,2,-1,-1,-1,-1,-1,-1,-1,-1,-1,-1,1,2,2,2,5,-9.0,-9,1,1,-9.0,-9.0,60,2,3,3,3,-1,-1,-1,-1,-1,-1,-1,-1,-1,-1,-1,1,2,2,3,5,2,MT,30,2,2,201605,1,2,3,1,2,1,1,1,8,4,83,1,2,XXXXX,1,1925.84916575054,S,50,300,300,150,70,3000,1500
30000402,1,69,2,2,1,1,1,6,2,-1,-1,-1,-1,5,-1,-1,99,30,0,-1,-1,0,-1,0,0,-1,-1,-1,-1,-1,-1,-1,-1,-1,-1,0,2,-1,2,3,7,-1,1,-1,-88,1,1,2,2,-1,-1,-1,-1,-1,-1,-1,-1,-1,2,2,2,1,0,-9.0,-9,1,2,-9.0,-9.0,69,1,-9,-9,-9,-9,-9,-1,-1,-1,-1,-1,-1,-1,-1,-1,4,1,2,2,7,2,NC,37,2,0,201608,2,10,4,6,2,4,6,2,5,3,54,1,2,XXXXX,2,80.5833031432841,R,20,50,50,25,20,50,50
30000402,2,69,2,2,2,2,1,6,2,-1,-1,-1,-1,-1,-1,-1,99,50,0,-1,-1,0,-1,0,0,-1,-1,-1,-1,-1,-1,-1,-1,-1,-1,5,2,-1,2,2,-1,5,1,-1,-88,1,2,2,-1,-1,-1,-1,-1,-1,-1,-1,-1,-1,2,1,2,2,3,-9.0,-9,1,1,-9.0,-9.0,69,2,4,2,2,-1,-1,-1,-1,-1,-1,-1,-1,-1,-1,-1,4,1,2,2,7,2,NC,37,2,0,201608,2,10,4,6,2,4,6,2,5,3,54,1,2,XXXXX,2,84.5145885618839,R,20,50,50,25,20,50,50
30000428,1,73,5,2,1,2,1,1,-1,2,2,1,3,-1,4,-1,0,-1,0,-1,-1,0,-1,0,0,1,15,11,-1,07:30 AM,2,1,-1,-1,-1,6,2,-1,2,2,-1,0,1,-1,10000,1,1,2,-1,-1,-1,-1,-1,-1,-1,-1,-1,-1,1,1,2,1,4,5.45999999999981,48,1,2,6.42999999999984,-9.0,73,2,4,4,4,-1,-1,-1,-1,-1,-1,-1,-1,-1,-1,-1,6,1,1,1,8,1,TX,48,1,1,201609,1,1,2,5,2,1,4,1,7,3,72,1,2,26420,2,112.818485382537,S,30,7000,3000,3000,30,7000,3000
30000434,1,67,5,2,1,2,1,97,1,2,1,2,-9,-1,4,-1,5,1,1,1,0,0,-1,0,0,-1,-1,-1,-1,09:00 AM,-1,1,-1,-1,-1,3,2,-1,2,2,-1,3,1,-1,10000,1,1,2,-1,-1,-1,-1,-1,-1,-1,-1,-1,-1,1,2,2,1,4,-9.0,-9,1,2,-9.0,-9.0,67,2,4,1,3,5,-1,1,-1,-1,-1,-1,-1,-1,-1,-1,7,1,2,2,8,2,NY,36,2,2,201605,1,2,3,2,2,4,6,2,2,1,23,1,2,XXXXX,2,85.6015048460431,R,30,1500,750,750,30,750,300
30000434,2,68,5,2,2,1,1,97,1,2,2,1,3,-1,4,-1,3,0,0,-1,-1,0,-1,0,0,1,25,25,-1,08:00 AM,2,2,-1,-1,-1,3,2,-1,2,2,-1,3,1,-1,12000,1,2,2,-1,-1,-1,-1,-1,-1,-1,-1,-1,-1,1,2,2,1,2,12.0099999999998,36,1,2,15.4399999999996,-9.0,68,1,4,4,4,-1,-1,-1,-1,-1,-1,-1,-1,-1,-1,-1,7,1,2,2,8,2,NY,36,2,2,201605,1,2,3,2,2,4,6,2,2,1,23,1,2,XXXXX,2,79.9711921233797,R,30,1500,750,750,30,750,300
30000436,1,66,4,2,1,2,1,1,-1,2,2,1,3,-1,4,-1,5,5,0,-1,-1,0,-1,0,0,1,10,10,-1,09:00 AM,1,1,5,-1,-1,0,2,-1,2,2,-1,6,1,-1,2900,1,1,2,-1,-1,-1,-1,-1,-1,-1,-1,-1,-1,1,2,2,1,3,1.32999999999998,36,1,2,1.81999999999999,-9.0,66,2,4,3,4,-1,-1,-1,-1,-1,-1,-1,-1,-1,-1,-1,5,1,2,2,9,1,NY,36,2,1,201610,1,10,3,1,2,1,1,1,2,1,23,1,2,XXXXX,2,74.6900263271996,S,30,750,300,350,40,7000,3000
30000436,2,85,2,2,4,2,1,6,2,-1,-1,-1,-1,2,-1,-1,0,-1,0,-1,-1,0,-1,0,0,-1,-1,-1,-1,-1,-1,-1,-1,-1,-1,1,1,2,4,1,-1,-1,1,-1,-1,2,1,2,97,-1,1,2,-1,-1,-1,-1,-1,-1,2,2,2,1,0,-9.0,-9,2,2,-9.0,-9.0,85,2,-1,-1,-1,-1,-1,-1,-1,1,1,2,1,2,2,2,5,1,2,2,9,1,NY,36,2,1,201610,1,10,3,1,2,1,1,1,2,1,23,1,2,XXXXX,2,74.6900263271996,S,30,750,300,350,40,7000,3000
30000439,1,57,5,2,1,1,1,1,-1,2,2,1,3,-1,4,-1,10,10,2,2,0,0,-1,0,0,1,45,30,-1,07:00 AM,2,2,-1,-1,-1,5,2,-1,2,3,7,-1,1,-1,15900,1,1,2,-1,-1,-1,-1,-1,-1,-1,-1,-1,-1,1,1,2,1,2,21.8699999999999,36,1,2,27.1899999999996,-9.0,57,1,4,3,4,3,6,2,3,-1,-1,-1,-1,-1,-1,-1,7,1,4,3,8,4,NY,36,4,2,201608,1,8,1,5,1,4,6,2,2,1,21,1,2,35620,2,175.585014511676,T,50,300,300,150,5,300,50
30000439,2,57,3,2,2,2,1,97,2,-1,-1,-1,-1,-1,-1,-1,3,3,0,-1,-1,0,-1,0,0,-1,-1,-1,-1,-1,-1,-1,-1,-1,-1,10,1,2,4,2,-1,4,1,-1,3000,1,2,2,-1,0,-1,-1,-1,-1,-1,-1,-1,-1,2,1,2,1,2,-9.0,-9,1,2,-9.0,-9.0,57,2,4,3,4,3,5,-1,-1,1,1,1,2,2,2,2,7,1,4,3,8,4,NY,36,4,2,201608,1,8,1,5,1,4,6,2,2,1,21,1,2,35620,2,149.161871403953,T,50,300,300,150,5,300,50
30000439,3,18,2,2,3,1,1,5,2,-1,-1,-1,-1,1,-1,-1,10,10,0,-1,-1,0,-1,0,0,-1,-1,-1,-1,-1,-1,-1,-1,-1,-1,0,2,-1,1,3,10,-1,1,-1,2500,1,3,2,2,-1,-1,-1,-1,-1,-1,-1,-1,-1,2,2,2,1,0,-9.0,-9,1,2,-9.0,-9.0,18,1,4,1,2,3,2,-1,-1,-1,-1,-1,-1,-1,-1,-1,7,1,4,3,8,4,NY,36,4,2,201608,1,8,1,5,1,4,6,2,2,1,21,1,2,35620,2,274.716873280002,T,50,300,300,150,5,300,50
30000439,4,19,3,2,3,1,1,1,-1,2,2,2,3,-1,3,-1,10,10,0,-1,-1,0,-1,0,0,1,5,5,-1,04:00 PM,2,2,-1,-1,-1,0,2,-1,1,3,7,-1,1,-1,5600,1,4,2,-1,-1,-1,-1,-1,-1,-1,-1,-1,-1,1,1,2,1,2,0.0399999999999991,36,1,2,0.0499999999999989,-9.0,19,1,4,3,2,3,2,-1,-1,-1,-1,-1,-1,-1,-1,-1,7,1,4,3,8,4,NY,36,4,2,201608,1,8,1,5,1,4,6,2,2,1,21,1,2,35620,2,274.716873280002,T,50,300,300,150,5,300,50
30000447,1,76,3,2,1,2,1,6,2,-1,-1,-1,-1,-1,-1,-1,0,-1,0,-1,-1,0,-1,0,0,-1,-1,-1,-1,-1,-1,-1,-1,-1,-1,0,2,-1,2,2,-1,7,1,-1,3000,1,1,2,-1,-1,-1,-1,-1,-1,-1,-1,-1,-1,2,1,2,1,10,-9.0,-9,1,2,-9.0,-9.0,76,2,4,4,4,-1,-1,-1,-1,-1,-1,-1,-1,-1,-1,-1,5,1,2,2,10,2,IA,19,2,1,201608,1,10,3,3,2,1,2,1,4,2,43,1,2,XXXXX,2,40.3828852836238,C,20,3000,1500,1500,40,7000,3000
30000447,2,77,5,2,2,1,1,1,-1,2,2,1,3,-1,4,-1,0,-1,0,-1,-1,0,-1,0,0,1,15,15,-1,08:00 AM,2,1,-1,-1,-1,0,2,-1,2,1,-1,-1,1,-1,10000,2,1,2,-1,-1,-1,-1,-1,-1,-1,-1,-1,-1,1,1,2,1,4,3.8599999999999,19,1,2,5.18999999999983,-9.0,77,1,-1,-1,-1,-1,-1,-1,-1,-1,-1,-1,-1,-1,-1,-1,5,1,2,2,10,2,IA,19,2,1,201608,1,10,3,3,2,1,2,1,4,2,43,1,2,XXXXX,2,43.9492834591239,C,20,3000,1500,1500,40,7000,3000
30000449,1,67,5,2,1,2,1,1,-1,2,2,1,3,-1,4,-1,5,1,0,-1,-1,0,-1,0,0,1,20,15,-1,09:15 AM,2,1,-1,-1,-1,2,2,-1,3,2,-1,2,1,-1,12000,1,1,2,-1,-1,-1,-1,-1,-1,-1,-1,-1,-1,1,1,2,1,8,7.36999999999989,13,1,2,9.60999999999967,-9.0,67,2,2,1,4,-1,-1,-1,-1,-1,-1,-1,-1,-1,-1,-1,4,1,1,2,7,1,GA,13,1,1,201604,1,1,3,3,2,1,2,1,5,3,53,1,2,XXXXX,2,100.245925142031,S,0,1500,750,750,5,750,300
30000450,1,39,3,2,1,2,2,2,1,2,2,1,11,-1,1,-1,2,1,0,-1,-1,20,-1,0,0,-9,2,-1,2,07:00 AM,2,2,-1,-1,-1,0,2,-1,2,2,-1,1,1,-1,-1,1,1,1,-1,-1,-1,-1,-1,-1,-1,-1,-1,-1,1,1,2,1,3,17.0699999999997,6,2,2,26.1199999999999,-9.0,39,2,4,4,4,-1,-1,-1,-1,-1,-1,-1,-1,-1,-1,-1,6,2,1,0,5,0,CA,6,1,1,201608,1,1,1,5,1,1,5,1,9,4,91,2,2,41860,1,1098.246124231,U,50,17000,7000,5000,50,17000,7000
30000451,1,61,4,2,1,1,1,6,2,-1,-1,-1,-1,-1,-1,-1,7,4,2,2,0,0,-9,0,0,-1,-1,-1,-1,-1,-1,-1,-1,-1,-1,5,2,-1,2,2,-1,5,1,-1,5000,1,1,2,-1,-1,-1,-1,-1,-1,-1,-1,-1,-1,2,2,2,1,2,-9.0,-9,1,2,-9.0,-9.0,61,1,2,3,1,-1,-1,-1,-1,-1,-1,-1,-1,-1,-1,-1,2,1,2,4,9,2,TX,48,2,0,201607,1,10,2,5,2,1,4,1,7,3,72,1,2,26420,2,64.5081841186262,S,5,1500,750,750,5,3000,750
