HOUSEID,PERSONID,TDTRPNUM,STRTTIME,ENDTIME,TRVLCMIN,TRPMILES,TRPTRANS,TRPACCMP,TRPHHACC,VEHID,TRWAITTM,NUMTRANS,TRACCTM,DROP_PRK,TREGRTM,WHODROVE,WHYFROM,LOOP_TRIP,TRPHHVEH,HHMEMDRV,HH_ONTD,NONHHCNT,NUMONTRP,PSGR_FLG,PUBTRANS,TRIPPURP,DWELTIME,TDWKND,VMT_MILE,DRVR_FLG,WHYTRP1S,ONTD_P1,ONTD_P2,ONTD_P3,ONTD_P4,ONTD_P5,ONTD_P6,ONTD_P7,ONTD_P8,ONTD_P9,ONTD_P10,ONTD_P11,ONTD_P12,ONTD_P13,TDCASEID,TRACC_WLK,TRACC_POV,TRACC_BUS,TRACC_CRL,TRACC_SUB,TRACC_OTH,TREGR_WLK,TREGR_POV,TREGR_BUS,TREGR_CRL,TREGR_SUB,TREGR_OTH,WHYTO,TRAVDAY,HOMEOWN,HHSIZE,HHVEHCNT,HHFAMINC,DRVRCNT,HHSTATE,HHSTFIPS,NUMADLT,WRKCOUNT,TDAYDATE,HHRESP,LIF_CYC,MSACAT,MSASIZE,RAIL,URBAN,URBANSIZE,URBRUR,GASPRICE,CENSUS_D,CENSUS_R,CDIVMSAR,HH_RACE,HH_HISP,HH_CBSA,SMPLSRCE,R_AGE,EDUC,R_SEX,PRMACT,PROXY,WORKER,DRIVER,WTTRDFIN,WHYTRP90,TRPMILAD,R_AGE_IMP,R_SEX_IMP,VEHTYPE,OBHUR,DBHUR,OTHTNRNT,OTPPOPDN,OTRESDN,OTEEMPDN,OBHTNRNT,OBPPOPDN,OBRESDN,DTHTNRNT,DTPPOPDN,DTRESDN,DTEEMPDN,DBHTNRNT,DBPPOPDN,DBRESDN
30000007,1,1,1000,1015,15,5.244,3,0,0,3,-1,-1,-1,-1,-1,1,1,2,1,1,1,0,1,2,2,HBO,295,2,5.244,1,20,1,2,2,-1,-1,-1,-1,-1,-1,-1,-1,-1,-1,300000070101,-1,-1,-1,-1,-1,-1,-1,-1,-1,-1,-1,-1,19,2,1,3,5,7,3,NC,37,3,1,201608,1,10,3,1,2,1,1,1,228.4,5,3,53,2,2,XXXXX,2,67,3,2,6,1,2,1,75441.9057964227,5,5.8475844,67,2,1,T,T,50,1500,750,750,20,750,300,50,750,300,350,30,300,300
30000007,1,2,1510,1530,20,5.149,3,0,0,3,-1,-1,-1,-1,-1,1,19,2,1,1,1,0,1,2,2,HBO,-9,2,5.149,1,1,1,2,2,-1,-1,-1,-1,-1,-1,-1,-1,-1,-1,300000070102,-1,-1,-1,-1,-1,-1,-1,-1,-1,-1,-1,-1,1,2,1,3,5,7,3,NC,37,3,1,201608,1,10,3,1,2,1,1,1,228.4,5,3,53,2,2,XXXXX,2,67,3,2,6,1,2,1,75441.9057964227,5,5.7416499,67,2,1,T,T,50,750,300,350,30,300,300,50,1500,750,750,20,750,300
30000007,2,1,700,900,120,84.004,6,0,0,5,-1,-1,-1,-1,-1,2,3,2,1,1,1,0,1,2,2,HBW,540,2,84.004,1,1,2,1,2,-1,-1,-1,-1,-1,-1,-1,-1,-1,-1,300000070201,-1,-1,-1,-1,-1,-1,-1,-1,-1,-1,-1,-1,1,2,1,3,5,7,3,NC,37,3,1,201608,1,10,3,1,2,1,1,1,228.4,5,3,53,2,2,XXXXX,2,66,3,1,1,2,1,1,71932.6458064544,1,90.178294,66,1,4,S,T,40,1500,750,750,40,1500,750,50,1500,750,750,20,750,300
30000007,2,2,1800,2030,150,81.628,6,0,0,5,-1,-1,-1,-1,-1,2,1,2,1,1,1,0,1,2,2,HBW,-9,2,81.628,1,10,2,1,2,-1,-1,-1,-1,-1,-1,-1,-1,-1,-1,300000070202,-1,-1,-1,-1,-1,-1,-1,-1,-1,-1,-1,-1,3,2,1,3,5,7,3,NC,37,3,1,201608,1,10,3,1,2,1,1,1,228.4,5,3,53,2,2,XXXXX,2,66,3,1,1,2,1,1,71932.6458064544,1,87.627658,66,1,4,T,S,50,1500,750,750,20,750,300,40,1500,750,750,40,1500,750
30000007,3,1,845,900,15,2.25,3,0,0,1,-1,-1,-1,-1,-1,3,1,2,1,1,1,0,1,2,2,HBO,330,2,2.25,1,20,2,2,1,-1,-1,-1,-1,-1,-1,-1,-1,-1,-1,300000070301,-1,-1,-1,-1,-1,-1,-1,-1,-1,-1,-1,-1,8,2,1,3,5,7,3,NC,37,3,1,201608,1,10,3,1,2,1,1,1,228.4,5,3,53,2,2,XXXXX,2,28,2,2,5,2,2,1,80122.6867388665,5,2.508975,28,2,1,T,T,50,1500,750,750,20,750,300,50,750,300,350,60,750,300
30000007,3,2,1430,1445,15,2.243,3,0,0,1,-1,-1,-1,-1,-1,3,8,2,1,1,1,0,1,2,2,HBO,-9,2,2.243,1,1,2,2,1,-1,-1,-1,-1,-1,-1,-1,-1,-1,-1,300000070302,-1,-1,-1,-1,-1,-1,-1,-1,-1,-1,-1,-1,1,2,1,3,5,7,3,NC,37,3,1,201608,1,10,3,1,2,1,1,1,228.4,5,3,53,2,2,XXXXX,2,28,2,2,5,2,2,1,80122.6867388665,5,2.5011693,28,2,1,T,T,50,750,300,350,60,750,300,50,1500,750,750,20,750,300
30000008,1,1,1115,1130,15,8.017,6,0,0,4,-1,-1,-1,-1,-1,1,1,2,1,1,1,0,1,2,2,HBW,720,2,8.017,1,10,1,2,-1,-1,-1,-1,-1,-1,-1,-1,-1,-1,-1,300000080101,-1,-1,-1,-1,-1,-1,-1,-1,-1,-1,-1,-1,3,5,1,2,4,8,2,WI,55,2,2,201608,2,2,2,5,2,4,6,2,225.9,3,2,32,1,2,33460,2,55,5,1,1,1,1,1,23062.8574281227,1,8.6062495,55,1,4,R,T,5,300,300,150,5,300,300,30,300,300,150,40,1500,750
30000008,1,2,2330,2340,10,8.017,6,0,0,4,-1,-1,-1,-1,-1,1,3,2,1,1,1,0,1,2,2,HBW,-9,2,8.017,1,1,1,2,-1,-1,-1,-1,-1,-1,-1,-1,-1,-1,-1,300000080102,-1,-1,-1,-1,-1,-1,-1,-1,-1,-1,-1,-1,1,5,1,2,4,8,2,WI,55,2,2,201608,2,2,2,5,2,4,6,2,225.9,3,2,32,1,2,33460,2,55,5,1,1,1,1,1,23062.8574281227,1,8.6062495,55,1,4,T,R,30,300,300,150,40,1500,750,5,300,300,150,5,300,300
30000012,1,1,550,605,15,3.395,4,0,0,2,-1,-1,-1,-1,-1,1,1,2,1,1,1,0,1,2,2,HBSOCREC,55,2,3.395,1,50,1,-1,-1,-1,-1,-1,-1,-1,-1,-1,-1,-1,-1,300000120101,-1,-1,-1,-1,-1,-1,-1,-1,-1,-1,-1,-1,16,5,1,1,2,10,1,NY,36,1,1,201607,1,1,3,3,2,1,3,1,233.8,2,1,23,1,2,XXXXX,2,45,5,2,1,1,1,1,21522.6905132127,10,3.7857645,45,2,3,C,S,80,17000,17000,5000,60,17000,7000,30,750,300,350,5,750,300
30000012,1,2,700,715,15,3.395,4,0,0,2,-1,-1,-1,-1,-1,1,16,2,1,1,1,0,1,2,2,HBSOCREC,15,2,3.395,1,1,1,-1,-1,-1,-1,-1,-1,-1,-1,-1,-1,-1,-1,300000120102,-1,-1,-1,-1,-1,-1,-1,-1,-1,-1,-1,-1,1,5,1,1,2,10,1,NY,36,1,1,201607,1,1,3,3,2,1,3,1,233.8,2,1,23,1,2,XXXXX,2,45,5,2,1,1,1,1,21522.6905132127,10,3.7857645,45,2,3,S,C,30,750,300,350,5,750,300,80,17000,17000,5000,60,17000,7000
30000012,1,3,730,740,10,1.059,4,0,0,2,-1,-1,-1,-1,-1,1,1,2,1,1,1,0,1,2,2,HBSOCREC,25,2,1.059,1,50,1,-1,-1,-1,-1,-1,-1,-1,-1,-1,-1,-1,-1,300000120103,-1,-1,-1,-1,-1,-1,-1,-1,-1,-1,-1,-1,16,5,1,1,2,10,1,NY,36,1,1,201607,1,1,3,3,2,1,3,1,233.8,2,1,23,1,2,XXXXX,2,45,5,2,1,1,1,1,21522.6905132127,10,1.1808909,45,2,3,C,C,80,17000,17000,5000,60,17000,7000,70,17000,7000,5000,90,3000,1500
30000012,1,4,805,815,10,1.014,4,0,0,2,-1,-1,-1,-1,-1,1,16,2,1,1,1,0,1,2,2,HBSOCREC,45,2,1.014,1,1,1,-1,-1,-1,-1,-1,-1,-1,-1,-1,-1,-1,-1,300000120104,-1,-1,-1,-1,-1,-1,-1,-1,-1,-1,-1,-1,1,5,1,1,2,10,1,NY,36,1,1,201607,1,1,3,3,2,1,3,1,233.8,2,1,23,1,2,XXXXX,2,45,5,2,1,1,1,1,21522.6905132127,10,1.1307114,45,2,3,C,C,70,17000,7000,5000,90,3000,1500,80,17000,17000,5000,60,17000,7000
30000012,1,5,900,920,20,4.291,3,0,0,1,-1,-1,-1,-1,-1,1,1,2,1,1,1,0,1,2,2,HBW,295,2,4.291,1,10,1,-1,-1,-1,-1,-1,-1,-1,-1,-1,-1,-1,-1,300000120105,-1,-1,-1,-1,-1,-1,-1,-1,-1,-1,-1,-1,4,5,1,1,2,10,1,NY,36,1,1,201607,1,1,3,3,2,1,3,1,233.8,2,1,23,1,2,XXXXX,2,45,5,2,1,1,1,1,21522.6905132127,2,4.7848941,45,2,1,C,S,80,17000,17000,5000,60,17000,7000,20,1500,750,750,20,3000,1500
30000012,1,6,1415,1440,25,9.087,3,0,0,1,-1,-1,-1,-1,-1,1,4,2,1,1,1,0,1,2,2,NHB,50,2,9.087,1,10,1,-1,-1,-1,-1,-1,-1,-1,-1,-1,-1,-1,-1,300000120106,-1,-1,-1,-1,-1,-1,-1,-1,-1,-1,-1,-1,3,5,1,1,2,10,1,NY,36,1,1,201607,1,1,3,3,2,1,3,1,233.8,2,1,23,1,2,XXXXX,2,45,5,2,1,1,1,1,21522.6905132127,1,9.7548945,45,2,1,S,S,20,1500,750,750,20,3000,1500,20,1500,750,750,0,1500,750
30000012,1,7,1530,1605,35,6.818,3,0,0,1,-1,-1,-1,-1,-1,1,3,2,1,1,1,0,1,2,2,HBW,70,2,6.818,1,1,1,-1,-1,-1,-1,-1,-1,-1,-1,-1,-1,-1,-1,300000120107,-1,-1,-1,-1,-1,-1,-1,-1,-1,-1,-1,-1,1,5,1,1,2,10,1,NY,36,1,1,201607,1,1,3,3,2,1,3,1,233.8,2,1,23,1,2,XXXXX,2,45,5,2,1,1,1,1,21522.6905132127,1,7.319123,45,2,1,S,C,20,1500,750,750,0,1500,750,80,17000,17000,5000,60,17000,7000
30000012,1,8,1715,1850,95,48.301,3,0,0,1,-1,-1,-1,-1,-1,1,1,2,1,1,1,0,1,2,2,HBSOCREC,125,2,48.301,1,50,1,-1,-1,-1,-1,-1,-1,-1,-1,-1,-1,-1,-1,300000120108,-1,-1,-1,-1,-1,-1,-1,-1,-1,-1,-1,-1,17,5,1,1,2,10,1,NY,36,1,1,201607,1,1,3,3,2,1,3,1,233.8,2,1,23,1,2,XXXXX,2,45,5,2,1,1,1,1,21522.6905132127,8,53.8604451,45,2,1,C,T,80,17000,17000,5000,60,17000,7000,5,750,300,350,20,1500,750
30000012,1,9,2055,2145,50,49.457,3,0,0,1,-1,-1,-1,-1,-1,1,17,2,1,1,1,0,1,2,2,HBSOCREC,-9,2,49.457,1,1,1,-1,-1,-1,-1,-1,-1,-1,-1,-1,-1,-1,-1,300000120109,-1,-1,-1,-1,-1,-1,-1,-1,-1,-1,-1,-1,1,5,1,1,2,10,1,NY,36,1,1,201607,1,1,3,3,2,1,3,1,233.8,2,1,23,1,2,XXXXX,2,45,5,2,1,1,1,1,21522.6905132127,8,55.1495007,45,2,1,T,C,5,750,300,350,20,1500,750,80,17000,17000,5000,60,17000,7000
30000019,1,1,1500,1515,15,3.065,3,1,1,1,-1,-1,-1,-1,-1,1,1,2,1,1,2,0,2,2,2,HBO,105,2,3.065,1,30,1,1,-1,-1,-1,-1,-1,-1,-1,-1,-1,-1,-1,300000190101,-1,-1,-1,-1,-1,-1,-1,-1,-1,-1,-1,-1,18,5,1,2,2,3,2,MD,24,2,0,201605,1,2,3,2,2,1,1,1,240.8,5,3,53,1,2,XXXXX,2,68,1,1,97,1,2,1,85095.5760636381,6,3.4177815,68,1,1,S,C,40,300,300,150,50,750,300,50,3000,1500,1500,50,3000,1500
30000019,1,2,1700,1715,15,3.034,3,1,1,1,-1,-1,-1,-1,-1,1,18,2,1,1,2,0,2,2,2,HBO,-9,2,3.034,1,1,1,1,-1,-1,-1,-1,-1,-1,-1,-1,-1,-1,-1,300000190102,-1,-1,-1,-1,-1,-1,-1,-1,-1,-1,-1,-1,1,5,1,2,2,3,2,MD,24,2,0,201605,1,2,3,2,2,1,1,1,240.8,5,3,53,1,2,XXXXX,2,68,1,1,97,1,2,1,85095.5760636381,6,3.3832134,68,1,1,C,S,50,3000,1500,1500,50,3000,1500,40,300,300,150,50,750,300
30000019,2,1,1500,1515,15,3.065,3,1,1,1,-1,-1,-1,-1,-1,1,1,2,1,1,2,0,2,1,2,HBO,105,2,-1.0,2,97,1,1,-1,-1,-1,-1,-1,-1,-1,-1,-1,-1,-1,300000190201,-1,-1,-1,-1,-1,-1,-1,-1,-1,-1,-1,-1,97,5,1,2,2,3,2,MD,24,2,0,201605,1,2,3,2,2,1,1,1,240.8,5,3,53,1,2,XXXXX,2,66,2,2,4,2,2,1,90939.087398441,11,3.4177815,66,2,1,S,C,40,300,300,150,50,750,300,50,3000,1500,1500,50,3000,1500
30000019,2,2,1700,1715,15,3.034,3,1,1,1,-1,-1,-1,-1,-1,2,97,2,1,1,2,0,2,2,2,HBO,-9,2,3.034,1,1,1,1,-1,-1,-1,-1,-1,-1,-1,-1,-1,-1,-1,300000190202,-1,-1,-1,-1,-1,-1,-1,-1,-1,-1,-1,-1,1,5,1,2,2,3,2,MD,24,2,0,201605,1,2,3,2,2,1,1,1,240.8,5,3,53,1,2,XXXXX,2,66,2,2,4,2,2,1,90939.087398441,11,3.3832134,66,2,1,C,S,50,3000,1500,1500,50,3000,1500,40,300,300,150,50,750,300
30000029,1,1,830,845,15,8.371,4,1,1,1,-1,-1,-1,-1,-1,1,1,2,1,1,2,0,2,2,2,HBO,90,2,8.371,1,30,1,1,-1,-1,-1,-1,-1,-1,-1,-1,-1,-1,-1,300000290101,-1,-1,-1,-1,-1,-1,-1,-1,-1,-1,-1,-1,18,3,1,2,2,5,2,WI,55,2,0,201610,1,10,3,3,2,1,2,1,224.7,3,2,33,1,2,XXXXX,2,72,3,1,6,1,2,1,33363.7898214297,6,9.3345021,72,1,3,S,S,40,1500,750,750,40,1500,750,20,1500,750,750,5,750,300
30000029,1,2,1015,1025,10,3.498,4,1,1,1,-1,-1,-1,-1,-1,1,18,2,1,1,2,0,2,2,2,NHB,25,2,3.498,1,40,1,1,-1,-1,-1,-1,-1,-1,-1,-1,-1,-1,-1,300000290102,-1,-1,-1,-1,-1,-1,-1,-1,-1,-1,-1,-1,11,3,1,2,2,5,2,WI,55,2,0,201610,1,10,3,3,2,1,2,1,224.7,3,2,33,1,2,XXXXX,2,72,3,1,6,1,2,1,33363.7898214297,3,3.9006198,72,1,3,S,S,20,1500,750,750,5,750,300,50,3000,1500,1500,70,1500,750
30000029,1,3,1050,1105,15,6.715,4,1,1,1,-1,-1,-1,-1,-1,1,11,2,1,1,2,0,2,2,2,HBSHOP,-9,2,6.715,1,1,1,1,-1,-1,-1,-1,-1,-1,-1,-1,-1,-1,-1,300000290103,-1,-1,-1,-1,-1,-1,-1,-1,-1,-1,-1,-1,1,3,1,2,2,5,2,WI,55,2,0,201610,1,10,3,3,2,1,2,1,224.7,3,2,33,1,2,XXXXX,2,72,3,1,6,1,2,1,33363.7898214297,6,7.4878965,72,1,3,S,S,50,3000,1500,1500,70,1500,750,40,1500,750,750,40,1500,750
30000029,2,1,800,845,45,8.371,4,1,1,1,-1,-1,-1,-1,-1,1,1,2,1,1,2,0,2,1,2,HBO,90,2,-1.0,2,30,1,1,-1,-1,-1,-1,-1,-1,-1,-1,-1,-1,-1,300000290201,-1,-1,-1,-1,-1,-1,-1,-1,-1,-1,-1,-1,18,3,1,2,2,5,2,WI,55,2,0,201610,1,10,3,3,2,1,2,1,224.7,3,2,33,1,2,XXXXX,2,72,2,2,6,1,2,1,35130.9905104787,6,9.3345021,72,2,3,S,S,40,1500,750,750,40,1500,750,20,1500,750,750,5,750,300
30000029,2,2,1015,1025,10,3.498,4,1,1,1,-1,-1,-1,-1,-1,1,18,2,1,1,2,0,2,1,2,NHB,25,2,-1.0,2,40,1,1,-1,-1,-1,-1,-1,-1,-1,-1,-1,-1,-1,300000290202,-1,-1,-1,-1,-1,-1,-1,-1,-1,-1,-1,-1,11,3,1,2,2,5,2,WI,55,2,0,201610,1,10,3,3,2,1,2,1,224.7,3,2,33,1,2,XXXXX,2,72,2,2,6,1,2,1,35130.9905104787,3,3.9006198,72,2,3,S,S,20,1500,750,750,5,750,300,50,3000,1500,1500,70,1500,750
30000029,2,3,1050,1105,15,6.715,4,1,1,1,-1,-1,-1,-1,-1,1,11,2,1,1,2,0,2,1,2,HBSHOP,20,2,-1.0,2,1,1,1,-1,-1,-1,-1,-1,-1,-1,-1,-1,-1,-1,300000290203,-1,-1,-1,-1,-1,-1,-1,-1,-1,-1,-1,-1,1,3,1,2,2,5,2,WI,55,2,0,201610,1,10,3,3,2,1,2,1,224.7,3,2,33,1,2,XXXXX,2,72,2,2,6,1,2,1,35130.9905104787,6,7.4878965,72,2,3,S,S,50,3000,1500,1500,70,1500,750,40,1500,750,750,40,1500,750
30000029,2,4,1125,1130,5,1.814,4,0,0,1,-1,-1,-1,-1,-1,2,1,2,1,1,1,0,1,2,2,HBSHOP,60,2,1.814,1,80,2,1,-1,-1,-1,-1,-1,-1,-1,-1,-1,-1,-1,300000290204,-1,-1,-1,-1,-1,-1,-1,-1,-1,-1,-1,-1,13,3,1,2,2,5,2,WI,55,2,0,201610,1,10,3,3,2,1,2,1,224.7,3,2,33,1,2,XXXXX,2,72,2,2,6,1,2,1,35130.9905104787,10,2.0227914,72,2,3,S,S,40,1500,750,750,40,1500,750,40,3000,1500,1500,60,7000,3000
30000029,2,5,1230,1235,5,1.915,4,0,0,1,-1,-1,-1,-1,-1,2,13,2,1,1,1,0,1,2,2,HBSHOP,325,2,1.915,1,1,2,1,-1,-1,-1,-1,-1,-1,-1,-1,-1,-1,-1,300000290205,-1,-1,-1,-1,-1,-1,-1,-1,-1,-1,-1,-1,1,3,1,2,2,5,2,WI,55,2,0,201610,1,10,3,3,2,1,2,1,224.7,3,2,33,1,2,XXXXX,2,72,2,2,6,1,2,1,35130.9905104787,10,2.1354165,72,2,3,S,S,40,3000,1500,1500,60,7000,3000,40,1500,750,750,40,1500,750
30000029,2,6,1800,1818,18,10.158,4,0,0,2,-1,-1,-1,-1,-1,2,1,2,1,1,1,0,1,2,2,HBSOCREC,197,2,10.158,1,50,2,1,-1,-1,-1,-1,-1,-1,-1,-1,-1,-1,-1,300000290206,-1,-1,-1,-1,-1,-1,-1,-1,-1,-1,-1,-1,15,3,1,2,2,5,2,WI,55,2,0,201610,1,10,3,3,2,1,2,1,224.7,3,2,33,1,2,XXXXX,2,72,2,2,6,1,2,1,35130.9905104787,10,11.3271858,72,2,3,S,C,40,1500,750,750,40,1500,750,40,7000,3000,3000,50,7000,3000
30000029,2,7,2135,2154,19,10.286,4,0,0,2,-1,-1,-1,-1,-1,2,15,2,1,1,1,0,1,2,2,HBSOCREC,-9,2,10.286,1,1,2,1,-1,-1,-1,-1,-1,-1,-1,-1,-1,-1,-1,300000290207,-1,-1,-1,-1,-1,-1,-1,-1,-1,-1,-1,-1,1,3,1,2,2,5,2,WI,55,2,0,201610,1,10,3,3,2,1,2,1,224.7,3,2,33,1,2,XXXXX,2,72,2,2,6,1,2,1,35130.9905104787,10,11.4699186,72,2,3,C,S,40,7000,3000,3000,50,7000,3000,40,1500,750,750,40,1500,750
30000039,1,1,800,820,20,11.545,4,0,0,1,-1,-1,-1,-1,-1,1,1,2,1,1,1,0,1,2,2,HBW,160,2,11.545,1,10,1,2,-1,-1,-1,-1,-1,-1,-1,-1,-1,-1,-1,300000390101,-1,-1,-1,-1,-1,-1,-1,-1,-1,-1,-1,-1,3,5,1,2,2,10,2,PA,42,2,1,201609,1,2,3,3,2,1,3,1,234.2,2,1,23,1,2,XXXXX,1,82,5,1,1,1,1,1,935735.901112893,1,12.3935575,82,1,3,S,C,40,7000,1500,1500,5,3000,1500,40,17000,7000,5000,50,17000,7000
30000039,1,2,1100,1120,20,10.901,4,0,0,1,-1,-1,-1,-1,-1,1,3,2,1,1,1,0,1,2,2,NHB,5,2,10.901,1,40,1,2,-1,-1,-1,-1,-1,-1,-1,-1,-1,-1,-1,300000390102,-1,-1,-1,-1,-1,-1,-1,-1,-1,-1,-1,-1,11,5,1,2,2,10,2,PA,42,2,1,201609,1,2,3,3,2,1,3,1,234.2,2,1,23,1,2,XXXXX,1,82,5,1,1,1,1,1,935735.901112893,3,12.1557051,82,1,3,C,S,40,17000,7000,5000,50,17000,7000,5,3000,1500,1500,5,3000,1500
30000039,1,3,1125,1130,5,0.625,4,0,0,1,-1,-1,-1,-1,-1,1,11,2,1,1,1,0,1,2,2,HBSHOP,30,2,0.625,1,1,1,2,-1,-1,-1,-1,-1,-1,-1,-1,-1,-1,-1,300000390103,-1,-1,-1,-1,-1,-1,-1,-1,-1,-1,-1,-1,1,5,1,2,2,10,2,PA,42,2,1,201609,1,2,3,3,2,1,3,1,234.2,2,1,23,1,2,XXXXX,1,82,5,1,1,1,1,1,935735.901112893,1,0.6709375,82,1,3,S,S,5,3000,1500,1500,5,3000,1500,40,7000,1500,1500,5,3000,1500
30000039,1,4,1200,1205,5,1.066,3,1,1,2,-1,-1,-1,-1,-1,1,1,2,1,1,2,0,2,2,2,HBSHOP,70,2,1.066,1,80,1,1,-1,-1,-1,-1,-1,-1,-1,-1,-1,-1,-1,300000390104,-1,-1,-1,-1,-1,-1,-1,-1,-1,-1,-1,-1,13,5,1,2,2,10,2,PA,42,2,1,201609,1,2,3,3,2,1,3,1,234.2,2,1,23,1,2,XXXXX,1,82,5,1,1,1,1,1,935735.901112893,10,1.1886966,82,1,1,S,C,40,7000,1500,1500,5,3000,1500,30,7000,7000,5000,30,7000,3000
30000039,1,5,1315,1330,15,2.485,3,1,1,2,-1,-1,-1,-1,-1,1,13,2,1,1,2,0,2,2,2,NHB,35,2,2.485,1,40,1,1,-1,-1,-1,-1,-1,-1,-1,-1,-1,-1,-1,300000390105,-1,-1,-1,-1,-1,-1,-1,-1,-1,-1,-1,-1,11,5,1,2,2,10,2,PA,42,2,1,201609,1,2,3,3,2,1,3,1,234.2,2,1,23,1,2,XXXXX,1,82,5,1,1,1,1,1,935735.901112893,3,2.7710235,82,1,1,C,S,30,7000,7000,5000,30,7000,3000,40,7000,1500,1500,60,7000,3000
30000039,1,6,1405,1415,10,1.519,3,1,1,2,-1,-1,-1,-1,-1,1,11,2,1,1,2,0,2,2,2,HBSHOP,45,2,1.519,1,1,1,1,-1,-1,-1,-1,-1,-1,-1,-1,-1,-1,-1,300000390106,-1,-1,-1,-1,-1,-1,-1,-1,-1,-1,-1,-1,1,5,1,2,2,10,2,PA,42,2,1,201609,1,2,3,3,2,1,3,1,234.2,2,1,23,1,2,XXXXX,1,82,5,1,1,1,1,1,935735.901112893,10,1.6938369,82,1,1,S,S,40,7000,1500,1500,60,7000,3000,40,7000,1500,1500,5,3000,1500
30000039,1,7,1500,1530,30,1.0,1,1,1,-1,-1,-1,-1,-1,-1,-1,1,1,2,-1,2,0,2,-1,2,HBO,-9,2,-1.0,-1,1,1,1,-1,-1,-1,-1,-1,-1,-1,-1,-1,-1,-1,300000390107,-1,-1,-1,-1,-1,-1,-1,-1,-1,-1,-1,-1,1,5,1,2,2,10,2,PA,42,2,1,201609,1,2,3,3,2,1,3,1,234.2,2,1,23,1,2,XXXXX,1,82,5,1,1,1,1,1,935735.901112893,10,1.0,82,1,-1,S,S,40,7000,1500,1500,5,3000,1500,40,7000,1500,1500,5,3000,1500
30000039,2,1,1200,1205,5,1.066,3,1,1,2,-1,-1,-1,-1,-1,1,1,2,1,1,2,0,2,1,2,HBSHOP,70,2,-1.0,2,80,1,1,-1,-1,-1,-1,-1,-1,-1,-1,-1,-1,-1,300000390201,-1,-1,-1,-1,-1,-1,-1,-1,-1,-1,-1,-1,13,5,1,2,2,10,2,PA,42,2,1,201609,1,2,3,3,2,1,3,1,234.2,2,1,23,1,2,XXXXX,1,78,3,2,4,2,2,1,1050923.68861165,10,1.1886966,78,2,1,S,C,40,7000,1500,1500,5,3000,1500,30,7000,7000,5000,30,7000,3000
30000039,2,2,1315,1330,15,2.485,3,1,1,2,-1,-1,-1,-1,-1,1,13,2,1,1,2,0,2,1,2,NHB,35,2,-1.0,2,40,1,1,-1,-1,-1,-1,-1,-1,-1,-1,-1,-1,-1,300000390202,-1,-1,-1,-1,-1,-1,-1,-1,-1,-1,-1,-1,11,5,1,2,2,10,2,PA,42,2,1,201609,1,2,3,3,2,1,3,1,234.2,2,1,23,1,2,XXXXX,1,78,3,2,4,2,2,1,1050923.68861165,3,2.7710235,78,2,1,C,S,30,7000,7000,5000,30,7000,3000,40,7000,1500,1500,60,7000,3000
30000039,2,3,1405,1415,10,1.519,3,1,1,2,-1,-1,-1,-1,-1,1,11,2,1,1,2,0,2,1,2,HBSHOP,45,2,-1.0,2,1,1,1,-1,-1,-1,-1,-1,-1,-1,-1,-1,-1,-1,300000390203,-1,-1,-1,-1,-1,-1,-1,-1,-1,-1,-1,-1,1,5,1,2,2,10,2,PA,42,2,1,201609,1,2,3,3,2,1,3,1,234.2,2,1,23,1,2,XXXXX,1,78,3,2,4,2,2,1,1050923.68861165,10,1.6938369,78,2,1,S,S,40,7000,1500,1500,60,7000,3000,40,7000,1500,1500,5,3000,1500
30000039,2,4,1500,1530,30,1.0,1,1,1,-1,-1,-1,-1,-1,-1,-1,1,1,2,-1,2,0,2,-1,2,HBO,-9,2,-1.0,-1,1,1,1,-1,-1,-1,-1,-1,-1,-1,-1,-1,-1,-1,300000390204,-1,-1,-1,-1,-1,-1,-1,-1,-1,-1,-1,-1,1,5,1,2,2,10,2,PA,42,2,1,201609,1,2,3,3,2,1,3,1,234.2,2,1,23,1,2,XXXXX,1,78,3,2,4,2,2,1,1050923.68861165,10,1.0,78,2,-1,S,S,40,7000,1500,1500,5,3000,1500,40,7000,1500,1500,5,3000,1500
30000041,1,1,800,945,105,68.406,3,0,0,2,-1,-1,-1,-1,-1,1,16,2,1,1,1,0,1,2,2,NHB,495,2,68.406,1,10,1,2,-1,-1,-1,-1,-1,-1,-1,-1,-1,-1,-1,300000410101,-1,-1,-1,-1,-1,-1,-1,-1,-1,-1,-1,-1,3,4,1,2,2,11,2,CA,6,2,2,201606,1,2,3,3,1,1,2,1,276.3,9,4,93,1,2,XXXXX,2,44,5,1,1,1,1,1,325760.957032132,1,73.433841,44,1,1,T,U,40,300,50,25,40,300,300,60,17000,7000,5000,40,7000,3000
30000041,1,2,1800,2000,120,73.72,3,0,0,2,-1,-1,-1,-1,-1,1,3,2,1,1,1,0,1,2,2,HBW,-9,2,73.72,1,1,1,2,-1,-1,-1,-1,-1,-1,-1,-1,-1,-1,-1,300000410102,-1,-1,-1,-1,-1,-1,-1,-1,-1,-1,-1,-1,1,4,1,2,2,11,2,CA,6,2,2,201606,1,2,3,3,1,1,2,1,276.3,9,4,93,1,2,XXXXX,2,44,5,1,1,1,1,1,325760.957032132,1,79.13842,44,1,1,U,T,60,17000,7000,5000,40,7000,3000,40,300,50,25,40,300,300
30000041,2,1,700,715,15,0.688,1,0,0,-1,-1,-1,-1,-1,-1,-1,1,2,2,-1,1,0,1,-1,2,HBSOCREC,45,2,-1.0,-1,50,2,1,-1,-1,-1,-1,-1,-1,-1,-1,-1,-1,-1,300000410201,-1,-1,-1,-1,-1,-1,-1,-1,-1,-1,-1,-1,16,4,1,2,2,11,2,CA,6,2,2,201606,1,2,3,3,1,1,2,1,276.3,9,4,93,1,2,XXXXX,2,40,1,2,1,1,1,1,274768.569491436,10,0.688,40,2,-1,T,T,40,300,50,25,40,300,300,40,300,50,25,40,300,300
30000041,2,2,800,815,15,0.688,1,0,0,-1,-1,-1,-1,-1,-1,-1,16,2,2,-1,1,0,1,-1,2,HBSOCREC,45,2,-1.0,-1,1,2,1,-1,-1,-1,-1,-1,-1,-1,-1,-1,-1,-1,300000410202,-1,-1,-1,-1,-1,-1,-1,-1,-1,-1,-1,-1,1,4,1,2,2,11,2,CA,6,2,2,201606,1,2,3,3,1,1,2,1,276.3,9,4,93,1,2,XXXXX,2,40,1,2,1,1,1,1,274768.569491436,10,0.688,40,2,-1,T,T,40,300,50,25,40,300,300,40,300,50,25,40,300,300
30000041,2,3,900,1100,120,77.937,3,0,0,1,-1,-1,-1,-1,-1,2,1,2,1,1,1,0,1,2,2,HBW,450,2,77.937,1,10,2,1,-1,-1,-1,-1,-1,-1,-1,-1,-1,-1,-1,300000410203,-1,-1,-1,-1,-1,-1,-1,-1,-1,-1,-1,-1,3,4,1,2,2,11,2,CA,6,2,2,201606,1,2,3,3,1,1,2,1,276.3,9,4,93,1,2,XXXXX,2,40,1,2,1,1,1,1,274768.569491436,1,83.6653695,40,2,1,T,U,40,300,50,25,40,300,300,40,7000,7000,5000,50,7000,7000
30000041,2,4,1830,2030,120,77.821,3,0,0,1,-1,-1,-1,-1,-1,2,3,2,1,1,1,0,1,2,2,HBW,-9,2,77.821,1,1,2,1,-1,-1,-1,-1,-1,-1,-1,-1,-1,-1,-1,300000410204,-1,-1,-1,-1,-1,-1,-1,-1,-1,-1,-1,-1,1,4,1,2,2,11,2,CA,6,2,2,201606,1,2,3,3,1,1,2,1,276.3,9,4,93,1,2,XXXXX,2,40,1,2,1,1,1,1,274768.569491436,1,83.5408435,40,2,1,U,T,40,7000,7000,5000,50,7000,7000,40,300,50,25,40,300,300
30000062,1,1,710,820,70,60.357,3,1,0,1,-1,-1,-1,-1,-1,1,1,2,1,1,1,1,2,2,2,HBW,220,2,60.357,1,10,1,2,-1,-1,-1,-1,-1,-1,-1,-1,-1,-1,-1,300000620101,-1,-1,-1,-1,-1,-1,-1,-1,-1,-1,-1,-1,3,5,1,2,6,10,2,TX,48,2,1,201609,1,10,4,6,2,4,6,2,207.9,7,3,74,1,2,XXXXX,2,50,4,2,1,1,1,1,91798.4593699873,1,64.7932395,50,2,1,R,C,20,50,50,25,5,50,50,30,3000,1500,1500,30,3000,1500
30000062,1,2,1200,1210,10,1.352,3,2,0,1,-1,-1,-1,-1,-1,1,3,2,1,1,1,2,3,2,2,NHB,35,2,1.352,1,40,1,2,-1,-1,-1,-1,-1,-1,-1,-1,-1,-1,-1,300000620102,-1,-1,-1,-1,-1,-1,-1,-1,-1,-1,-1,-1,11,5,1,2,6,10,2,TX,48,2,1,201609,1,10,4,6,2,4,6,2,207.9,7,3,74,1,2,XXXXX,2,50,4,2,1,1,1,1,91798.4593699873,3,1.5076152,50,2,1,C,S,30,3000,1500,1500,30,3000,1500,40,1500,750,750,20,1500,750
30000062,1,3,1245,1255,10,1.358,3,2,0,1,-1,-1,-1,-1,-1,1,11,2,1,1,1,2,3,2,2,NHB,270,2,1.358,1,10,1,2,-1,-1,-1,-1,-1,-1,-1,-1,-1,-1,-1,300000620103,-1,-1,-1,-1,-1,-1,-1,-1,-1,-1,-1,-1,3,5,1,2,6,10,2,TX,48,2,1,201609,1,10,4,6,2,4,6,2,207.9,7,3,74,1,2,XXXXX,2,50,4,2,1,1,1,1,91798.4593699873,3,1.5143058,50,2,1,S,C,40,1500,750,750,20,1500,750,30,3000,1500,1500,30,3000,1500
30000062,1,4,1725,1855,90,60.501,3,1,0,1,-1,-1,-1,-1,-1,1,3,2,1,1,1,1,2,2,2,HBW,-9,2,60.501,1,1,1,2,-1,-1,-1,-1,-1,-1,-1,-1,-1,-1,-1,300000620104,-1,-1,-1,-1,-1,-1,-1,-1,-1,-1,-1,-1,1,5,1,2,6,10,2,TX,48,2,1,201609,1,10,4,6,2,4,6,2,207.9,7,3,74,1,2,XXXXX,2,50,4,2,1,1,1,1,91798.4593699873,1,64.9478235,50,2,1,C,R,30,3000,1500,1500,30,3000,1500,20,50,50,25,5,50,50
30000062,2,1,1535,1554,19,10.535,6,0,0,6,-1,-1,-1,-1,-1,2,3,2,1,1,1,0,1,2,2,NHB,31,2,10.535,1,40,2,1,-1,-1,-1,-1,-1,-1,-1,-1,-1,-1,-1,300000620201,-1,-1,-1,-1,-1,-1,-1,-1,-1,-1,-1,-1,11,5,1,2,6,10,2,TX,48,2,1,201609,1,10,4,6,2,4,6,2,207.9,7,3,74,1,2,XXXXX,2,50,4,1,6,1,2,1,101394.965731215,3,11.7475785,50,1,4,R,T,20,50,50,25,5,50,50,50,750,300,150,50,300,300
30000062,2,2,1625,1700,35,10.987,6,0,0,6,-1,-1,-1,-1,-1,2,11,2,1,1,1,0,1,2,2,HBSHOP,-9,2,10.987,1,1,2,1,-1,-1,-1,-1,-1,-1,-1,-1,-1,-1,-1,300000620202,-1,-1,-1,-1,-1,-1,-1,-1,-1,-1,-1,-1,1,5,1,2,6,10,2,TX,48,2,1,201609,1,10,4,6,2,4,6,2,207.9,7,3,74,1,2,XXXXX,2,50,4,1,6,1,2,1,101394.965731215,3,12.2516037,50,1,4,T,R,50,750,300,150,50,300,300,20,50,50,25,5,50,50
30000082,1,1,745,752,7,2.71,3,2,2,2,-1,-1,-1,-1,-1,1,1,2,1,1,3,0,3,2,2,HBO,17,2,2.71,1,70,1,2,1,1,-1,-1,-1,-1,-1,-1,-1,-1,-1,300000820101,-1,-1,-1,-1,-1,-1,-1,-1,-1,-1,-1,-1,6,3,2,4,2,8,2,NY,36,2,2,201605,1,4,3,3,2,1,3,1,241.3,2,1,23,1,2,XXXXX,2,39,5,2,1,1,1,1,375517.390494912,4,3.021921,39,2,1,T,T,20,1500,300,750,30,750,300,40,1500,750,750,5,300,300
30000082,1,2,809,813,4,1.432,3,0,0,2,-1,-1,-1,-1,-1,1,6,2,1,1,1,0,1,2,2,NHB,11,2,1.432,1,80,1,2,2,2,-1,-1,-1,-1,-1,-1,-1,-1,-1,300000820102,-1,-1,-1,-1,-1,-1,-1,-1,-1,-1,-1,-1,13,3,2,4,2,8,2,NY,36,2,2,201605,1,4,3,3,2,1,3,1,241.3,2,1,23,1,2,XXXXX,2,39,5,2,1,1,1,1,375517.390494912,10,1.5968232,39,2,1,T,T,40,1500,750,750,5,300,300,40,1500,750,750,5,300,300
30000082,1,3,824,828,4,0.777,3,0,0,2,-1,-1,-1,-1,-1,1,13,2,1,1,1,0,1,2,2,NHB,505,2,0.777,1,10,1,2,2,2,-1,-1,-1,-1,-1,-1,-1,-1,-1,300000820103,-1,-1,-1,-1,-1,-1,-1,-1,-1,-1,-1,-1,3,3,2,4,2,8,2,NY,36,2,2,201605,1,4,3,3,2,1,3,1,241.3,2,1,23,1,2,XXXXX,2,39,5,2,1,1,1,1,375517.390494912,1,0.8341095,39,2,1,T,T,40,1500,750,750,5,300,300,40,1500,750,750,5,300,300
30000082,1,4,1653,1657,4,1.075,3,0,0,2,-1,-1,-1,-1,-1,1,3,2,1,1,1,0,1,2,2,NHB,21,2,1.075,1,70,1,2,2,2,-1,-1,-1,-1,-1,-1,-1,-1,-1,300000820104,-1,-1,-1,-1,-1,-1,-1,-1,-1,-1,-1,-1,6,3,2,4,2,8,2,NY,36,2,2,201605,1,4,3,3,2,1,3,1,241.3,2,1,23,1,2,XXXXX,2,39,5,2,1,1,1,1,375517.390494912,4,1.1987325,39,2,1,T,T,40,1500,750,750,5,300,300,40,1500,750,750,5,300,300
30000082,1,5,1718,1726,8,2.727,3,2,2,2,-1,-1,-1,-1,-1,1,6,2,1,1,3,0,3,2,2,HBO,-9,2,2.727,1,1,1,2,1,1,-1,-1,-1,-1,-1,-1,-1,-1,-1,300000820105,-1,-1,-1,-1,-1,-1,-1,-1,-1,-1,-1,-1,1,3,2,4,2,8,2,NY,36,2,2,201605,1,4,3,3,2,1,3,1,241.3,2,1,23,1,2,XXXXX,2,39,5,2,1,1,1,1,375517.390494912,1,2.9274345,39,2,1,T,T,40,1500,750,750,5,300,300,20,1500,300,750,30,750,300
30000082,2,1,730,733,3,2.136,3,0,0,1,-1,-1,-1,-1,-1,2,1,2,1,1,1,0,1,2,2,HBSHOP,5,2,2.136,1,40,2,1,2,2,-1,-1,-1,-1,-1,-1,-1,-1,-1,300000820201,-1,-1,-1,-1,-1,-1,-1,-1,-1,-1,-1,-1,11,3,2,4,2,8,2,NY,36,2,2,201605,1,4,3,3,2,1,3,1,241.3,2,1,23,1,2,XXXXX,2,38,4,1,1,1,1,1,473163.860891436,3,2.3818536,38,1,1,T,T,20,1500,300,750,30,750,300,20,1500,300,750,30,750,300
30000082,2,2,738,850,72,88.581,3,0,0,1,-1,-1,-1,-1,-1,2,11,2,1,1,1,0,1,2,2,NHB,8,2,88.581,1,80,2,1,2,2,-1,-1,-1,-1,-1,-1,-1,-1,-1,300000820202,-1,-1,-1,-1,-1,-1,-1,-1,-1,-1,-1,-1,13,3,2,4,2,8,2,NY,36,2,2,201605,1,4,3,3,2,1,3,1,241.3,2,1,23,1,2,XXXXX,2,38,4,1,1,1,1,1,473163.860891436,10,98.7766731,38,1,1,T,T,20,1500,300,750,30,750,300,5,300,300,150,20,300,300
30000082,2,3,858,949,51,45.341,3,0,0,1,-1,-1,-1,-1,-1,2,13,2,1,1,1,0,1,2,2,NHB,62,2,45.341,1,10,2,1,2,2,-1,-1,-1,-1,-1,-1,-1,-1,-1,300000820203,-1,-1,-1,-1,-1,-1,-1,-1,-1,-1,-1,-1,4,3,2,4,2,8,2,NY,36,2,2,201605,1,4,3,3,2,1,3,1,241.3,2,1,23,1,2,XXXXX,2,38,4,1,1,1,1,1,473163.860891436,2,50.5597491,38,1,1,T,S,5,300,300,150,20,300,300,20,3000,750,750,5,1500,750
30000082,2,4,1051,1224,93,28.208,3,1,0,97,-1,-1,-1,-1,-1,97,4,2,2,2,1,1,2,1,2,NHB,276,2,-1.0,2,10,2,1,2,2,-1,-1,-1,-1,-1,-1,-1,-1,-1,300000820204,-1,-1,-1,-1,-1,-1,-1,-1,-1,-1,-1,-1,4,3,2,4,2,8,2,NY,36,2,2,201605,1,4,3,3,2,1,3,1,241.3,2,1,23,1,2,XXXXX,2,38,4,1,1,1,1,1,473163.860891436,2,31.4547408,38,1,-1,S,U,20,3000,750,750,5,1500,750,80,17000,17000,5000,80,17000,17000
30000082,2,5,1700,1705,5,0.239,1,12,0,-1,-1,-1,-1,-1,-1,-1,4,2,1,-1,1,12,13,-1,2,NHB,130,2,-1.0,-1,10,2,1,2,2,-1,-1,-1,-1,-1,-1,-1,-1,-1,300000820205,-1,-1,-1,-1,-1,-1,-1,-1,-1,-1,-1,-1,4,3,2,4,2,8,2,NY,36,2,2,201605,1,4,3,3,2,1,3,1,241.3,2,1,23,1,2,XXXXX,2,38,4,1,1,1,1,1,473163.860891436,2,0.239,38,1,-1,U,U,80,17000,17000,5000,80,17000,17000,80,17000,17000,5000,80,17000,17000
30000082,2,6,1915,1926,11,0.267,1,1,0,-1,-1,-1,-1,-1,-1,-1,4,2,1,-1,1,1,2,-1,2,NHB,4,2,-1.0,-1,97,2,1,2,2,-1,-1,-1,-1,-1,-1,-1,-1,-1,300000820206,-1,-1,-1,-1,-1,-1,-1,-1,-1,-1,-1,-1,7,3,2,4,2,8,2,NY,36,2,2,201605,1,4,3,3,2,1,3,1,241.3,2,1,23,1,2,XXXXX,2,38,4,1,1,1,1,1,473163.860891436,11,0.267,38,1,-1,U,U,80,17000,17000,5000,80,17000,17000,80,17000,17000,5000,80,17000,17000
30000082,2,7,1930,2043,73,29.293,3,1,0,97,-1,-1,-1,-1,-1,97,7,2,2,2,1,1,2,1,2,NHB,-9,2,-1.0,2,10,2,1,2,2,-1,-1,-1,-1,-1,-1,-1,-1,-1,300000820207,-1,-1,-1,-1,-1,-1,-1,-1,-1,-1,-1,-1,4,3,2,4,2,8,2,NY,36,2,2,201605,1,4,3,3,2,1,3,1,241.3,2,1,23,1,2,XXXXX,2,38,4,1,1,1,1,1,473163.860891436,2,32.6646243,38,1,-1,U,S,80,17000,17000,5000,80,17000,17000,20,3000,750,750,5,1500,750
30000085,1,1,740,745,5,0.251,1,0,0,-1,-1,-1,-1,-1,-1,-1,1,2,2,-1,1,0,1,-1,2,HBW,225,1,-1.0,-1,10,1,-1,-1,-1,-1,-1,-1,-1,-1,-1,-1,-1,-1,300000850101,-1,-1,-1,-1,-1,-1,-1,-1,-1,-1,-1,-1,3,1,1,1,2,9,1,CA,6,1,1,201608,1,1,2,5,2,1,4,1,259.6,9,4,92,97,1,41740,2,30,4,1,1,1,1,1,101378.333286457,1,0.251,30,1,-1,U,U,50,17000,17000,5000,50,30000,17000,50,17000,17000,5000,50,30000,17000
30000085,1,2,1130,1140,10,0.248,1,2,0,-1,-1,-1,-1,-1,-1,-1,3,2,2,-1,1,2,3,-1,2,NHB,40,1,-1.0,-1,80,1,-1,-1,-1,-1,-1,-1,-1,-1,-1,-1,-1,-1,300000850102,-1,-1,-1,-1,-1,-1,-1,-1,-1,-1,-1,-1,13,1,1,1,2,9,1,CA,6,1,1,201608,1,1,2,5,2,1,4,1,259.6,9,4,92,97,1,41740,2,30,4,1,1,1,1,1,101378.333286457,4,0.248,30,1,-1,U,U,50,17000,17000,5000,50,30000,17000,70,17000,7000,5000,80,17000,17000
30000085,1,3,1220,1230,10,0.248,1,2,0,-1,-1,-1,-1,-1,-1,-1,13,2,2,-1,1,2,3,-1,2,NHB,270,1,-1.0,-1,10,1,-1,-1,-1,-1,-1,-1,-1,-1,-1,-1,-1,-1,300000850103,-1,-1,-1,-1,-1,-1,-1,-1,-1,-1,-1,-1,3,1,1,1,2,9,1,CA,6,1,1,201608,1,1,2,5,2,1,4,1,259.6,9,4,92,97,1,41740,2,30,4,1,1,1,1,1,101378.333286457,4,0.248,30,1,-1,U,U,70,17000,7000,5000,80,17000,17000,50,17000,17000,5000,50,30000,17000
30000085,1,4,1700,1705,5,0.251,1,0,0,-1,-1,-1,-1,-1,-1,-1,3,2,2,-1,1,0,1,-1,2,HBW,115,1,-1.0,-1,1,1,-1,-1,-1,-1,-1,-1,-1,-1,-1,-1,-1,-1,300000850104,-1,-1,-1,-1,-1,-1,-1,-1,-1,-1,-1,-1,1,1,1,1,2,9,1,CA,6,1,1,201608,1,1,2,5,2,1,4,1,259.6,9,4,92,97,1,41740,2,30,4,1,1,1,1,1,101378.333286457,1,0.251,30,1,-1,U,U,50,17000,17000,5000,50,30000,17000,50,17000,17000,5000,50,30000,17000
30000085,1,5,1900,1915,15,0.664,1,0,0,-1,-1,-1,-1,-1,-1,-1,1,2,2,-1,1,0,1,-1,2,HBSOCREC,45,1,-1.0,-1,50,1,-1,-1,-1,-1,-1,-1,-1,-1,-1,-1,-1,-1,300000850105,-1,-1,-1,-1,-1,-1,-1,-1,-1,-1,-1,-1,16,1,1,1,2,9,1,CA,6,1,1,201608,1,1,2,5,2,1,4,1,259.6,9,4,92,97,1,41740,2,30,4,1,1,1,1,1,101378.333286457,10,0.664,30,1,-1,U,U,50,17000,17000,5000,50,30000,17000,50,17000,17000,5000,30,3000,3000
30000085,1,6,2000,2010,10,0.664,1,0,0,-1,-1,-1,-1,-1,-1,-1,16,2,2,-1,1,0,1,-1,2,HBSOCREC,-9,1,-1.0,-1,1,1,-1,-1,-1,-1,-1,-1,-1,-1,-1,-1,-1,-1,300000850106,-1,-1,-1,-1,-1,-1,-1,-1,-1,-1,-1,-1,1,1,1,1,2,9,1,CA,6,1,1,201608,1,1,2,5,2,1,4,1,259.6,9,4,92,97,1,41740,2,30,4,1,1,1,1,1,101378.333286457,10,0.664,30,1,-1,U,U,50,17000,17000,5000,30,3000,3000,50,17000,17000,5000,50,30000,17000
30000089,1,1,1300,1325,25,12.674,5,0,0,1,-1,-1,-1,-1,-1,1,1,2,1,1,1,0,1,2,2,HBW,635,2,12.674,1,10,1,2,2,2,-1,-1,-1,-1,-1,-1,-1,-1,-1,300000890101,-1,-1,-1,-1,-1,-1,-1,-1,-1,-1,-1,-1,3,6,1,4,2,7,2,TX,48,2,2,201612,1,4,3,3,2,4,6,2,219.1,7,3,73,1,1,XXXXX,2,33,3,1,1,1,1,1,427153.797733777,1,13.605539,33,1,2,T,S,20,1500,750,750,30,1500,300,40,750,300,350,30,300,300
30000089,1,2,0,30,30,13.97,5,0,0,1,-1,-1,-1,-1,-1,1,3,2,1,1,1,0,1,2,2,HBW,-9,1,13.97,1,1,1,2,2,2,-1,-1,-1,-1,-1,-1,-1,-1,-1,300000890102,-1,-1,-1,-1,-1,-1,-1,-1,-1,-1,-1,-1,1,6,1,4,2,7,2,TX,48,2,2,201612,1,4,3,3,2,4,6,2,219.1,7,3,73,1,1,XXXXX,2,33,3,1,1,1,1,1,427153.797733777,1,14.996795,33,1,2,S,T,40,750,300,350,30,300,300,20,1500,750,750,30,1500,300
30000089,2,1,700,730,30,31.281,3,0,0,2,-1,-1,-1,-1,-1,2,1,2,1,1,1,0,1,2,2,HBW,630,2,31.281,1,10,2,1,2,2,-1,-1,-1,-1,-1,-1,-1,-1,-1,300000890201,-1,-1,-1,-1,-1,-1,-1,-1,-1,-1,-1,-1,3,6,1,4,2,7,2,TX,48,2,2,201612,1,4,3,3,2,4,6,2,219.1,7,3,73,1,1,XXXXX,2,33,3,2,1,2,1,1,338114.902205151,1,33.5801535,33,2,1,T,S,20,1500,750,750,30,1500,300,5,3000,750,1500,5,1500,300
30000089,2,2,1800,1905,65,30.557,3,0,0,2,-1,-1,-1,-1,-1,2,3,2,1,1,1,0,1,2,2,HBW,-9,1,30.557,1,1,2,1,2,2,-1,-1,-1,-1,-1,-1,-1,-1,-1,300000890202,-1,-1,-1,-1,-1,-1,-1,-1,-1,-1,-1,-1,1,6,1,4,2,7,2,TX,48,2,2,201612,1,4,3,3,2,4,6,2,219.1,7,3,73,1,1,XXXXX,2,33,3,2,1,2,1,1,338114.902205151,1,32.8029395,33,2,1,S,T,5,3000,750,1500,5,1500,300,20,1500,750,750,30,1500,300
30000094,1,1,740,755,15,8.05,3,0,0,1,-1,-1,-1,-1,-1,1,1,2,1,1,1,0,1,2,2,HBW,345,2,8.05,1,10,1,-1,-1,-1,-1,-1,-1,-1,-1,-1,-1,-1,-1,300000940101,-1,-1,-1,-1,-1,-1,-1,-1,-1,-1,-1,-1,3,3,2,1,1,4,1,CA,6,1,1,201610,1,1,3,1,2,1,1,1,274.4,9,4,93,1,1,XXXXX,2,30,5,2,1,1,1,1,67518.2926030035,1,8.641675,30,2,1,T,R,20,300,300,150,20,300,300,20,50,50,25,5,300,50
30000094,1,2,1340,1405,25,5.883,3,0,0,1,-1,-1,-1,-1,-1,1,3,2,1,1,1,0,1,2,2,NHB,15,2,5.883,1,10,1,-1,-1,-1,-1,-1,-1,-1,-1,-1,-1,-1,-1,300000940102,-1,-1,-1,-1,-1,-1,-1,-1,-1,-1,-1,-1,4,3,2,1,1,4,1,CA,6,1,1,201610,1,1,3,1,2,1,1,1,274.4,9,4,93,1,1,XXXXX,2,30,5,2,1,1,1,1,67518.2926030035,2,6.5601333,30,2,1,R,C,20,50,50,25,5,300,50,70,7000,3000,3000,80,3000,1500
30000094,1,3,1420,1438,18,5.898,3,0,0,1,-1,-1,-1,-1,-1,1,4,2,1,1,1,0,1,2,2,NHB,147,2,5.898,1,10,1,-1,-1,-1,-1,-1,-1,-1,-1,-1,-1,-1,-1,300000940103,-1,-1,-1,-1,-1,-1,-1,-1,-1,-1,-1,-1,3,3,2,1,1,4,1,CA,6,1,1,201610,1,1,3,1,2,1,1,1,274.4,9,4,93,1,1,XXXXX,2,30,5,2,1,1,1,1,67518.2926030035,2,6.5768598,30,2,1,C,R,70,7000,3000,3000,80,3000,1500,20,50,50,25,5,300,50
30000094,1,4,1705,1715,10,4.864,3,0,0,1,-1,-1,-1,-1,-1,1,3,2,1,1,1,0,1,2,2,HBW,-9,2,4.864,1,1,1,-1,-1,-1,-1,-1,-1,-1,-1,-1,-1,-1,-1,300000940104,-1,-1,-1,-1,-1,-1,-1,-1,-1,-1,-1,-1,1,3,2,1,1,4,1,CA,6,1,1,201610,1,1,3,1,2,1,1,1,274.4,9,4,93,1,1,XXXXX,2,30,5,2,1,1,1,1,67518.2926030035,1,5.221504,30,2,1,R,C,20,50,50,25,5,300,50,30,3000,1500,1500,50,7000,3000
30000095,1,1,1000,1015,15,1.926,3,0,0,1,-1,-1,-1,-1,-1,1,1,2,1,1,1,0,1,2,2,HBSOCREC,75,2,1.926,1,50,1,-1,-1,-1,-1,-1,-1,-1,-1,-1,-1,-1,-1,300000950101,-1,-1,-1,-1,-1,-1,-1,-1,-1,-1,-1,-1,15,6,1,1,1,6,1,WI,55,1,0,201607,1,9,3,3,2,1,2,1,229.7,3,2,33,1,2,XXXXX,2,75,5,1,6,1,2,1,13312.1692307714,10,2.1476826,75,1,1,S,C,5,7000,3000,3000,5,7000,3000,70,7000,3000,3000,90,7000,7000
30000095,1,2,1130,1135,5,0.17,1,0,0,-1,-1,-1,-1,-1,-1,-1,15,2,2,-1,1,0,1,-1,2,NHB,5,2,-1.0,-1,40,1,-1,-1,-1,-1,-1,-1,-1,-1,-1,-1,-1,-1,300000950102,-1,-1,-1,-1,-1,-1,-1,-1,-1,-1,-1,-1,14,6,1,1,1,6,1,WI,55,1,0,201607,1,9,3,3,2,1,2,1,229.7,3,2,33,1,2,XXXXX,2,75,5,1,6,1,2,1,13312.1692307714,4,0.17,75,1,-1,C,C,70,7000,3000,3000,90,7000,7000,70,7000,3000,3000,90,7000,7000
30000095,1,3,1140,1155,15,3.247,3,0,0,1,-1,-1,-1,-1,-1,1,14,2,1,1,1,0,1,2,2,NHB,35,2,3.247,1,80,1,-1,-1,-1,-1,-1,-1,-1,-1,-1,-1,-1,-1,300000950103,-1,-1,-1,-1,-1,-1,-1,-1,-1,-1,-1,-1,13,6,1,1,1,6,1,WI,55,1,0,201607,1,9,3,3,2,1,2,1,229.7,3,2,33,1,2,XXXXX,2,75,5,1,6,1,2,1,13312.1692307714,10,3.6207297,75,1,1,C,C,70,7000,3000,3000,90,7000,7000,95,17000,7000,5000,95,30000,7000
30000095,1,4,1230,1250,20,3.896,3,0,0,1,-1,-1,-1,-1,-1,1,13,2,1,1,1,0,1,2,2,NHB,85,2,3.896,1,40,1,-1,-1,-1,-1,-1,-1,-1,-1,-1,-1,-1,-1,300000950104,-1,-1,-1,-1,-1,-1,-1,-1,-1,-1,-1,-1,12,6,1,1,1,6,1,WI,55,1,0,201607,1,9,3,3,2,1,2,1,229.7,3,2,33,1,2,XXXXX,2,75,5,1,6,1,2,1,13312.1692307714,4,4.3444296,75,1,1,C,C,95,17000,7000,5000,95,30000,7000,60,7000,7000,5000,40,7000,7000
30000095,1,5,1415,1430,15,6.34,3,0,0,1,-1,-1,-1,-1,-1,1,12,2,1,1,1,0,1,2,2,NHB,90,2,6.34,1,40,1,-1,-1,-1,-1,-1,-1,-1,-1,-1,-1,-1,-1,300000950105,-1,-1,-1,-1,-1,-1,-1,-1,-1,-1,-1,-1,14,6,1,1,1,6,1,WI,55,1,0,201607,1,9,3,3,2,1,2,1,229.7,3,2,33,1,2,XXXXX,2,75,5,1,6,1,2,1,13312.1692307714,4,7.069734,75,1,1,C,S,60,7000,7000,5000,40,7000,7000,5,7000,3000,3000,5,7000,3000
30000095,1,6,1600,1610,10,1.226,3,0,0,1,-1,-1,-1,-1,-1,1,14,2,1,1,1,0,1,2,2,NHB,50,2,1.226,1,40,1,-1,-1,-1,-1,-1,-1,-1,-1,-1,-1,-1,-1,300000950106,-1,-1,-1,-1,-1,-1,-1,-1,-1,-1,-1,-1,11,6,1,1,1,6,1,WI,55,1,0,201607,1,9,3,3,2,1,2,1,229.7,3,2,33,1,2,XXXXX,2,75,5,1,6,1,2,1,13312.1692307714,3,1.3671126,75,1,1,S,S,5,7000,3000,3000,5,7000,3000,20,3000,1500,1500,20,3000,750
30000095,1,7,1700,1715,15,3.618,3,0,0,1,-1,-1,-1,-1,-1,1,11,2,1,1,1,0,1,2,2,NHB,165,2,3.618,1,50,1,-1,-1,-1,-1,-1,-1,-1,-1,-1,-1,-1,-1,300000950107,-1,-1,-1,-1,-1,-1,-1,-1,-1,-1,-1,-1,17,6,1,1,1,6,1,WI,55,1,0,201607,1,9,3,3,2,1,2,1,229.7,3,2,33,1,2,XXXXX,2,75,5,1,6,1,2,1,13312.1692307714,8,4.0344318,75,1,1,S,S,20,3000,1500,1500,20,3000,750,90,3000,1500,1500,90,3000,1500
30000095,1,8,2000,2015,15,3.641,3,0,0,1,-1,-1,-1,-1,-1,1,17,2,1,1,1,0,1,2,2,NHB,195,1,3.641,1,50,1,-1,-1,-1,-1,-1,-1,-1,-1,-1,-1,-1,-1,300000950108,-1,-1,-1,-1,-1,-1,-1,-1,-1,-1,-1,-1,15,6,1,1,1,6,1,WI,55,1,0,201607,1,9,3,3,2,1,2,1,229.7,3,2,33,1,2,XXXXX,2,75,5,1,6,1,2,1,13312.1692307714,10,4.0600791,75,1,1,S,C,90,3000,1500,1500,90,3000,1500,95,17000,7000,5000,95,30000,7000
30000095,1,9,2330,2345,15,2.907,3,0,0,1,-1,-1,-1,-1,-1,1,15,2,1,1,1,0,1,2,2,HBSOCREC,-9,1,2.907,1,1,1,-1,-1,-1,-1,-1,-1,-1,-1,-1,-1,-1,-1,300000950109,-1,-1,-1,-1,-1,-1,-1,-1,-1,-1,-1,-1,1,6,1,1,1,6,1,WI,55,1,0,201607,1,9,3,3,2,1,2,1,229.7,3,2,33,1,2,XXXXX,2,75,5,1,6,1,2,1,13312.1692307714,10,3.2415957,75,1,1,C,S,95,17000,7000,5000,95,30000,7000,5,7000,3000,3000,5,7000,3000
30000107,1,1,1000,1040,40,33.769,5,0,0,1,-1,-1,-1,-1,-1,1,1,2,1,1,1,0,1,2,2,HBSOCREC,170,2,33.769,1,50,1,2,-1,-1,-1,-1,-1,-1,-1,-1,-1,-1,-1,300001070101,-1,-1,-1,-1,-1,-1,-1,-1,-1,-1,-1,-1,17,6,1,2,3,8,2,TX,48,2,0,201612,1,2,2,5,2,1,4,1,202.1,7,3,72,1,2,19100,2,61,3,1,3,1,2,1,21056.7616871336,8,37.6558119,61,1,2,C,U,5,7000,1500,3000,20,7000,1500,70,17000,7000,5000,60,17000,7000
30000107,1,2,1330,1335,5,3.005,97,1,0,-1,-1,-1,-1,-1,-1,-1,17,2,2,-1,1,1,2,-1,2,NHB,9,2,-1.0,-1,40,1,2,-1,-1,-1,-1,-1,-1,-1,-1,-1,-1,-1,300001070102,-1,-1,-1,-1,-1,-1,-1,-1,-1,-1,-1,-1,11,6,1,2,3,8,2,TX,48,2,0,201612,1,2,2,5,2,1,4,1,202.1,7,3,72,1,2,19100,2,61,3,1,3,1,2,1,21056.7616871336,3,3.005,61,1,-1,U,S,70,17000,7000,5000,60,17000,7000,30,3000,1500,1500,50,3000,3000
30000107,1,3,1344,1352,8,3.262,97,1,0,-1,-1,-1,-1,-1,-1,-1,11,2,2,-1,1,1,2,-1,2,NHB,5,2,-1.0,-1,80,1,2,-1,-1,-1,-1,-1,-1,-1,-1,-1,-1,-1,300001070103,-1,-1,-1,-1,-1,-1,-1,-1,-1,-1,-1,-1,13,6,1,2,3,8,2,TX,48,2,0,201612,1,2,2,5,2,1,4,1,202.1,7,3,72,1,2,19100,2,61,3,1,3,1,2,1,21056.7616871336,10,3.262,61,1,-1,S,U,30,3000,1500,1500,50,3000,3000,70,17000,7000,5000,80,17000,7000
30000107,1,4,1357,1359,2,0.257,97,1,0,-1,-1,-1,-1,-1,-1,-1,13,2,2,-1,1,1,2,-1,2,NHB,271,2,-1.0,-1,50,1,2,-1,-1,-1,-1,-1,-1,-1,-1,-1,-1,-1,300001070104,-1,-1,-1,-1,-1,-1,-1,-1,-1,-1,-1,-1,17,6,1,2,3,8,2,TX,48,2,0,201612,1,2,2,5,2,1,4,1,202.1,7,3,72,1,2,19100,2,61,3,1,3,1,2,1,21056.7616871336,8,0.257,61,1,-1,U,U,70,17000,7000,5000,80,17000,7000,70,17000,7000,5000,60,17000,7000
30000107,1,5,1830,1930,60,35.149,5,0,0,1,-1,-1,-1,-1,-1,1,17,2,1,1,1,0,1,2,2,HBSOCREC,-9,1,35.149,1,1,1,2,-1,-1,-1,-1,-1,-1,-1,-1,-1,-1,-1,300001070105,-1,-1,-1,-1,-1,-1,-1,-1,-1,-1,-1,-1,1,6,1,2,3,8,2,TX,48,2,0,201612,1,2,2,5,2,1,4,1,202.1,7,3,72,1,2,19100,2,61,3,1,3,1,2,1,21056.7616871336,8,39.1946499,61,1,2,U,C,70,17000,7000,5000,60,17000,7000,5,7000,1500,3000,20,7000,1500
30000107,2,1,930,934,4,3.628,5,0,0,2,-1,-1,-1,-1,-1,2,1,2,1,1,1,0,1,2,2,HBO,1,2,3.628,1,40,2,1,-1,-1,-1,-1,-1,-1,-1,-1,-1,-1,-1,300001070201,-1,-1,-1,-1,-1,-1,-1,-1,-1,-1,-1,-1,14,6,1,2,3,8,2,TX,48,2,0,201612,1,2,2,5,2,1,4,1,202.1,7,3,72,1,2,19100,2,59,3,2,4,2,2,1,19781.5546499754,4,4.0455828,59,2,2,C,C,5,7000,1500,3000,20,7000,1500,20,7000,1500,3000,5,3000,1500
30000107,2,2,935,947,12,8.725,5,0,0,2,-1,-1,-1,-1,-1,2,14,2,1,1,1,0,1,2,2,NHB,148,2,8.725,1,50,2,1,-1,-1,-1,-1,-1,-1,-1,-1,-1,-1,-1,300001070202,-1,-1,-1,-1,-1,-1,-1,-1,-1,-1,-1,-1,17,6,1,2,3,8,2,TX,48,2,0,201612,1,2,2,5,2,1,4,1,202.1,7,3,72,1,2,19100,2,59,3,2,4,2,2,1,19781.5546499754,8,9.7292475,59,2,2,C,C,20,7000,1500,3000,5,3000,1500,90,17000,7000,5000,90,17000,17000
30000107,2,3,1215,1225,10,6.13,5,1,0,2,-1,-1,-1,-1,-1,2,17,2,1,1,1,1,2,2,2,NHB,30,2,6.13,1,80,2,1,-1,-1,-1,-1,-1,-1,-1,-1,-1,-1,-1,300001070203,-1,-1,-1,-1,-1,-1,-1,-1,-1,-1,-1,-1,13,6,1,2,3,8,2,TX,48,2,0,201612,1,2,2,5,2,1,4,1,202.1,7,3,72,1,2,19100,2,59,3,2,4,2,2,1,19781.5546499754,10,6.835563,59,2,2,C,S,90,17000,7000,5000,90,17000,17000,20,3000,1500,1500,30,3000,1500
30000107,2,4,1255,1259,4,0.532,5,1,0,2,-1,-1,-1,-1,-1,2,13,2,1,1,1,1,2,2,2,NHB,46,2,0.532,1,40,2,1,-1,-1,-1,-1,-1,-1,-1,-1,-1,-1,-1,300001070204,-1,-1,-1,-1,-1,-1,-1,-1,-1,-1,-1,-1,11,6,1,2,3,8,2,TX,48,2,0,201612,1,2,2,5,2,1,4,1,202.1,7,3,72,1,2,19100,2,59,3,2,4,2,2,1,19781.5546499754,3,0.5932332,59,2,2,S,S,20,3000,1500,1500,30,3000,1500,40,3000,1500,3000,20,1500,750
30000107,2,5,1345,1353,8,6.064,5,1,0,2,-1,-1,-1,-1,-1,2,11,2,1,1,1,1,2,2,2,NHB,157,2,6.064,1,50,2,1,-1,-1,-1,-1,-1,-1,-1,-1,-1,-1,-1,300001070205,-1,-1,-1,-1,-1,-1,-1,-1,-1,-1,-1,-1,17,6,1,2,3,8,2,TX,48,2,0,201612,1,2,2,5,2,1,4,1,202.1,7,3,72,1,2,19100,2,59,3,2,4,2,2,1,19781.5546499754,8,6.7619664,59,2,2,S,C,40,3000,1500,3000,20,1500,750,90,17000,7000,5000,90,17000,17000
30000107,2,6,1630,1645,15,11.746,5,0,0,2,-1,-1,-1,-1,-1,2,17,2,1,1,1,0,1,2,2,HBSOCREC,-9,2,11.746,1,1,2,1,-1,-1,-1,-1,-1,-1,-1,-1,-1,-1,-1,300001070206,-1,-1,-1,-1,-1,-1,-1,-1,-1,-1,-1,-1,1,6,1,2,3,8,2,TX,48,2,0,201612,1,2,2,5,2,1,4,1,202.1,7,3,72,1,2,19100,2,59,3,2,4,2,2,1,19781.5546499754,8,13.0979646,59,2,2,C,C,90,17000,7000,5000,90,17000,17000,5,7000,1500,3000,20,7000,1500
